$MeshFormat
4.1 0 8
$EndMeshFormat
$PhysicalNames
2
2 1 "SrcCasing"
2 2 "SrcMat"
$EndPhysicalNames
$Entities
2 2 2 0
2 3.2 3 0 0 
3 3.3 3 0 0 
2 2.799817223583595 2.799715905705151 -0.0003001000999999997 3.2003001001 3.200253434120041 0.0003001000999999997 0 2 2 -2 
3 2.699764081306597 2.69984430162835 -0.0003001000999999997 3.3003001001 3.300284054319239 0.0003001000999999997 0 2 3 -3 
1 2.700064081406596 2.700144301728349 -1.00000000628037e-07 3.300000100000001 3.29998405421924 1.00000000628037e-07 1 1 2 3 -2 
2 2.80004268869455 2.800096170271523 -1.000000008881784e-07 3.200000100000001 3.199989402540274 1.000000008881784e-07 1 2 1 2 
$EndEntities
$Nodes
6 1598 1 1598
0 2 0 1
1
3.2 3 0
0 3 0 1
2
3.3 3 0
1 2 0 67
3
4
5
6
7
8
9
10
11
12
13
14
15
16
17
18
19
20
21
22
23
24
25
26
27
28
29
30
31
32
33
34
35
36
37
38
39
40
41
42
43
44
45
46
47
48
49
50
51
52
53
54
55
56
57
58
59
60
61
62
63
64
65
66
67
68
69
3.002897991687706 3.199979003008261 0
2.802007217032453 3.02826407424215 0
2.809904498609418 3.062158670763324 0
2.823516446457408 3.094093333074023 0
2.84287337024171 3.123738523592296 0
2.867975822377676 3.150231875855789 0
2.89790810963762 3.171980364932268 0
2.930833727509157 3.187659336963879 0
2.965987916825094 3.197086727605142 0
2.800144521999026 2.99239816384008 0
3.039684791566143 3.196023257085356 0
3.074803095989386 3.18548449215609 0
3.107453205692407 3.168682567523812 0
3.136449996067489 3.146223796193309 0
3.160627171902403 3.119159186161352 0
3.179339871673767 3.088528020581265 0
3.192366833529637 3.054726605575175 0
2.994921495906872 2.800064488406446 0
3.199168363311802 2.981780146660903 0
3.192625288360386 2.946190165544965 0
3.179733537416382 2.912273974626717 0
3.160517858236535 2.880693599554946 0
3.13536807962587 2.85277404094928 0
3.105093820915351 2.829837463566706 0
3.070867398727542 2.81297644052796 0
3.033689424106208 2.802857861674902 0
3.199141291230929 3.018513403978692 0
2.956820645407249 2.804716761249324 0
2.921196032498549 2.816179612920573 0
2.888972252809493 2.833648446494176 0
2.860460663685826 2.856721342758247 0
2.836007059155833 2.885517183152748 0
2.817056071547146 2.919182186108278 0
2.805017311184264 2.955483137327686 0
3.196572538731218 3.036867831733966 0
3.186542247161112 3.07212482252375 0
3.170698566675224 3.104220916015089 0
3.149252348235701 3.133130524471771 0
3.122503735874504 3.158091222706353 0
3.091492828805086 3.177845613601357 0
3.057483334757789 3.191561129212384 0
3.021552202906541 3.198835365440546 0
2.984218474661857 3.19937638641023 0
2.948044417379062 3.193133677629042 0
2.914187047526563 3.180654745821392 0
2.882497587579727 3.161843081642114 0
2.854595081954299 3.137322284455667 0
2.832416202193502 3.109158924109532 0
2.815967573869735 3.078307510065182 0
2.805255476739208 3.045547455032384 0
2.800289770417229 3.010762165209515 0
2.801684343269101 2.974098256904364 0
2.81009357716476 2.937266033395591 0
2.82573596056814 2.901857019808388 0
2.847805283492993 2.870243426881904 0
2.874312612549337 2.844427892487673 0
2.904550929434107 2.824245981758291 0
2.938515157249239 2.809685486334031 0
2.97551450932632 2.801504506987012 0
3.014376563832017 2.800517383182434 0
3.05268352817866 2.807063622251665 0
3.088403515441959 2.820598722252312 0
3.120827981130152 2.840624346351107 0
3.148693149627148 2.866245197267692 0
3.170943733720108 2.896181697654851 0
3.187012581755194 2.929103637150721 0
3.196680369443018 2.96371181630671 0
1 3 0 99
70
71
72
73
74
75
76
77
78
79
80
81
82
83
84
85
86
87
88
89
90
91
92
93
94
95
96
97
98
99
100
101
102
103
104
105
106
107
108
109
110
111
112
113
114
115
116
117
118
119
120
121
122
123
124
125
126
127
128
129
130
131
132
133
134
135
136
137
138
139
140
141
142
143
144
145
146
147
148
149
150
151
152
153
154
155
156
157
158
159
160
161
162
163
164
165
166
167
168
3.00210725207129 3.299992599056557 0
2.700550840704141 3.018171433542882 0
2.705165143024954 3.055429298322316 0
2.714395072559669 3.091814080738213 0
2.728145451478064 3.126866482760161 0
2.746218780767776 3.15998466415568 0
2.768412249290867 3.190701635340352 0
2.794641926177377 3.218696276867856 0
2.824291029991911 3.243159120451396 0
2.856783986001362 3.263607991787695 0
2.891273907293682 3.279604429086553 0
2.927197284579722 3.29103223984197 0
2.964414291902128 3.297881952087019 0
2.700616602986929 2.980775494989108 0
3.039517392973736 3.297385903587509 0
3.07611750454838 3.290182917314799 0
3.111571934577243 3.278481064732759 0
3.145640904913539 3.262276050786124 0
3.177689192340236 3.241715847485171 0
3.206651839336657 3.217474176165301 0
3.231928272407847 3.190287352333022 0
3.253616053631965 3.160246364514608 0
3.271576507750676 3.127460583860058 0
3.285406937919479 3.092427700325316 0
3.294733062603525 3.055968042741788 0
3.002347107978329 2.700009181666942 0
3.299409862433871 2.981192175103684 0
3.29473200243177 2.944026374580886 0
3.285438731002426 2.907670531011358 0
3.27164563838545 2.872686814719915 0
3.253625294178663 2.839768261094168 0
3.231587162047882 2.809297649792647 0
3.205982210915487 2.78189147475083 0
3.177119408700892 2.757866328113073 0
3.145483823208753 2.737636783857637 0
3.111591050396754 2.721526594678506 0
3.07599696197607 2.709785490076034 0
3.039529137872684 2.702615657340467 0
3.299412570057657 3.018764671365854 0
2.9647880309859 2.702073637893271 0
2.927885454587598 2.708796476085947 0
2.89233873327919 2.719983836809247 0
2.858442662333728 2.735497598965837 0
2.826635657012528 2.755163718823124 0
2.797138138645815 2.778986278236134 0
2.770509244024488 2.806779936544396 0
2.747661975931221 2.837748585186248 0
2.728962822291738 2.871396546314105 0
2.714793666434254 2.906955132898239 0
2.705356613599228 2.943561760744282 0
3.297652580723543 3.037455856532918 0
3.290663349937092 3.074261813897504 0
3.279016416095544 3.110226310603224 0
3.263073309752785 3.144195817192161 0
3.243180798317959 3.175678966667726 0
3.219799510478025 3.204176823350792 0
3.192701254967678 3.229926567264163 0
3.16195778630579 3.252526583659875 0
3.128739367968083 3.270972646470411 0
3.093969250250437 3.284903106349107 0
3.057972654669852 3.294345326632733 0
3.02090852199326 3.29927050256926 0
2.983297693409706 3.299534694074933 0
2.945672962146315 3.29503995146089 0
2.909010724727147 3.285868766718788 0
2.873964548449118 3.272240821612713 0
2.840191719098204 3.253892326302338 0
2.80910886098152 3.231431573136051 0
2.781022618171629 3.205058299631085 0
2.756741445328464 3.175571283469465 0
2.736693389467577 3.143769359913463 0
2.720681229929665 3.109457867174521 0
2.709222199941861 3.073812404061573 0
2.702269074645735 3.036827925378616 0
2.700000515097975 2.999444069680821 0
2.702393284695235 2.962181446279525 0
2.709483698785266 2.925164989954499 0
2.721243808673123 2.889117243013472 0
2.737806960210702 2.854209705789283 0
2.758549025645777 2.821951054528828 0
2.783421108663958 2.792410058462239 0
2.811685447935962 2.766467069814724 0
2.8422625157785 2.744815976065366 0
2.875171153719359 2.727203813926506 0
2.909921232013102 2.713843022873873 0
2.946128665043043 2.704876501664209 0
2.983586690776483 2.700449331030069 0
3.021098341546863 2.700742819661797 0
3.057809195640177 2.705622526508165 0
3.093890767748138 2.715071019845883 0
3.128851200023239 2.729080513339163 0
3.161550912108354 2.747212929925285 0
3.191987549608645 2.769477157758134 0
3.219175908537938 2.795153908710541 0
3.243087288296259 2.82419166609978 0
3.263166609355425 2.855974531001044 0
3.279064662790742 2.88989589480183 0
3.290681933974489 2.925810962663941 0
3.297641771484463 2.962458344900758 0
2 1 0 426
169
170
171
172
173
174
175
176
177
178
179
180
181
182
183
184
185
186
187
188
189
190
191
192
193
194
195
196
197
198
199
200
201
202
203
204
205
206
207
208
209
210
211
212
213
214
215
216
217
218
219
220
221
222
223
224
225
226
227
228
229
230
231
232
233
234
235
236
237
238
239
240
241
242
243
244
245
246
247
248
249
250
251
252
253
254
255
256
257
258
259
260
261
262
263
264
265
266
267
268
269
270
271
272
273
274
275
276
277
278
279
280
281
282
283
284
285
286
287
288
289
290
291
292
293
294
295
296
297
298
299
300
301
302
303
304
305
306
307
308
309
310
311
312
313
314
315
316
317
318
319
320
321
322
323
324
325
326
327
328
329
330
331
332
333
334
335
336
337
338
339
340
341
342
343
344
345
346
347
348
349
350
351
352
353
354
355
356
357
358
359
360
361
362
363
364
365
366
367
368
369
370
371
372
373
374
375
376
377
378
379
380
381
382
383
384
385
386
387
388
389
390
391
392
393
394
395
396
397
398
399
400
401
402
403
404
405
406
407
408
409
410
411
412
413
414
415
416
417
418
419
420
421
422
423
424
425
426
427
428
429
430
431
432
433
434
435
436
437
438
439
440
441
442
443
444
445
446
447
448
449
450
451
452
453
454
455
456
457
458
459
460
461
462
463
464
465
466
467
468
469
470
471
472
473
474
475
476
477
478
479
480
481
482
483
484
485
486
487
488
489
490
491
492
493
494
495
496
497
498
499
500
501
502
503
504
505
506
507
508
509
510
511
512
513
514
515
516
517
518
519
520
521
522
523
524
525
526
527
528
529
530
531
532
533
534
535
536
537
538
539
540
541
542
543
544
545
546
547
548
549
550
551
552
553
554
555
556
557
558
559
560
561
562
563
564
565
566
567
568
569
570
571
572
573
574
575
576
577
578
579
580
581
582
583
584
585
586
587
588
589
590
591
592
593
594
3.229830857701419 2.975437437456496 0
3.232579089175041 3.167736822593277 0
3.195887392238136 3.090160701505255 0
3.103336850645515 3.208423367341124 0
3.069686091096861 3.22216070144649 0
3.047178815682627 3.262285574486952 0
3.119270184157842 3.19939186971661 0
3.193651542632578 3.179695823860339 0
3.158612716072478 3.212899356228413 0
3.276924407301181 2.948444211693712 0
2.905099967359595 3.217903871019728 0
2.994799823510899 3.26588813954884 0
2.894233179740479 3.266676402644351 0
2.725987098366755 3.066990974052953 0
2.830605496568345 3.13489466803889 0
2.951358916104009 3.241213625025813 0
2.843100612401303 3.213120062098552 0
2.869806339186663 3.230526241814094 0
2.950709475037086 3.209719986419085 0
2.978889518316722 3.230689603546688 0
2.88803807325501 3.222811633060978 0
2.893899527511669 3.203428661580205 0
2.830130809593473 3.15875668693992 0
2.788368093657478 3.097285018308694 0
2.794942217581594 3.070143290233624 0
2.789330700305792 2.95270161901998 0
2.784509768804031 3.125881447642396 0
2.776047722765581 3.059378952138604 0
2.758616335278731 2.947773453782136 0
2.769352140499773 2.99281896410899 0
2.768852505140928 3.015642139481896 0
2.763410157593153 2.929640655147983 0
2.833726755136032 2.793373528320079 0
2.9962571459102 2.75455482088146 0
2.779662447721335 2.930591540005009 0
2.851556674900433 2.821800252510936 0
2.765297940770296 2.883156755884039 0
2.804374621741738 2.852545980935942 0
2.760042736205566 3.054580424492352 0
2.806634309573512 3.130142053222281 0
2.763831450346092 3.073992552092313 0
2.787339362910096 2.840983171153635 0
2.773606914552435 2.829695872671935 0
2.811301152115467 2.895715579219771 0
3.015674644193715 2.753849690922262 0
2.909860207285387 2.752838612290605 0
2.987972556761514 2.738096715024851 0
2.971988609392049 2.736206631254267 0
2.862385520494971 2.773162241066031 0
2.87356653831409 2.786510419304117 0
3.153525489410209 3.238287612089612 0
3.159724259877196 3.144053068093393 0
3.162915044593626 3.162052528621221 0
3.114792217689319 3.240573215480723 0
3.081778892234351 3.253744537316222 0
2.933210679304491 3.235365082126809 0
3.02307680663987 3.24815449307444 0
3.185634222882801 3.108773987289818 0
3.195000466611568 2.821097896598204 0
3.237801231990833 3.112536259705242 0
3.13452107402756 3.188808743105837 0
3.282625649733672 3.017010693498616 0
3.20046208521706 2.88807166194395 0
3.189988094476705 2.869467377711055 0
3.225338383747018 2.86394921983146 0
3.242821428936651 2.958855408941094 0
3.202719295570794 2.861238365372248 0
3.215546600271942 3.014901810803272 0
3.031987656364059 2.786548281063444 0
2.950700069085868 2.789987486580716 0
3.073493471072434 2.744610082855733 0
3.050834696905568 2.773723175077469 0
3.074620271140187 2.727029144115797 0
3.09078044997639 2.749992460054043 0
3.140097650604649 2.773772049368153 0
3.186593725620022 2.787305823963731 0
3.121467258573332 2.80166113475168 0
3.105982040252025 2.774494486589735 0
3.2464444836351 2.977185458623526 0
3.06995374191987 2.795485589235494 0
3.164250399827117 2.859712953602422 0
2.757606457191017 2.897645379255379 0
2.738516281208812 2.893636066165275 0
2.754671764079901 2.985615768650965 0
2.816534505666332 2.836361768702437 0
2.774163225002969 2.950569885358589 0
3.170929679028429 3.201722557149599 0
3.281055235624331 3.034903453103877 0
3.25733065930488 3.066603195979912 0
3.224774580095889 3.100430579613874 0
3.145138501085355 3.159306183585973 0
3.241305877912623 3.149540846082826 0
2.945546884429078 3.257378375559719 0
2.803944761390705 3.180471300065858 0
2.914881718832432 3.253478826276796 0
2.931936889296801 2.725339811497617 0
2.95935154236745 2.750422038785154 0
3.039120573994317 2.720048211142174 0
3.246774396583326 3.031656794099603 0
3.23168608048123 2.994669854241933 0
3.280133309816441 2.964651764857932 0
2.930547483256982 3.254947552051476 0
2.805006156673369 3.205799400103261 0
2.844171584444831 3.192636801509293 0
3.088861524078602 2.767388292453904 0
3.153225712626541 2.803699654130725 0
3.251094782616546 2.909883812521703 0
2.757050987457369 3.034466406044185 0
2.771939953654007 3.13791571667428 0
2.717016965595508 3.012229617442598 0
3.192067648314479 2.844661946285047 0
3.180244557654429 2.829572376021378 0
3.104952872543518 2.79246538432766 0
2.7322406748815 2.909747881947677 0
2.718064962942909 2.994840804821405 0
2.794198405012072 3.141332389466961 0
3.231848478478318 3.126804033335809 0
3.149048990682938 3.176446056039759 0
3.168099915886062 3.228013938872642 0
3.243762050651399 3.049447490757617 0
3.236112012830946 2.876885576433573 0
3.248261867064177 3.013621151300363 0
2.890463174702319 2.777960354857596 0
2.947570427807409 2.761077648526963 0
2.939696889479952 2.741856895583996 0
2.913717444262556 3.270538872824452 0
2.897494612491232 3.253489703757855 0
2.890690402108175 3.1853310256628 0
3.222253595103057 2.914295544349603 0
3.178410060208554 2.852576590867046 0
3.28301029928142 2.999189146448789 0
3.230425817016667 2.838431643546705 0
2.770778833576673 2.971184028429403 0
2.738664793978448 2.961599743565174 0
2.752317401393738 2.862581190994945 0
2.737577727287769 2.97810020143136 0
2.780075572424878 3.179041549044342 0
2.741854411858754 3.116654058925701 0
3.130337233128749 3.232362971634181 0
3.215520099212713 2.850818404154277 0
3.114331287939681 3.183399801324132 0
3.181511657579197 3.21693991767634 0
3.274413530427678 3.070210809768776 0
3.121873686802718 3.255994986145093 0
3.214164634164845 3.086718192803663 0
2.788649471223318 2.876696922219138 0
2.84778773568892 2.846542350278282 0
2.822428461070675 2.779703740972959 0
2.821007447701006 2.805030295714706 0
3.029641134077504 3.264731533589747 0
2.829470690324528 3.203599407749075 0
3.008770432810146 3.215906687218169 0
3.015988750400243 3.231859111395486 0
2.926006947540847 2.748699043256098 0
2.970829052981395 2.785877734572017 0
3.031290095231472 2.770692811869988 0
2.976179136161066 2.756371743361 0
3.004208385484396 2.717895709250349 0
2.902608136569541 2.78983183295141 0
2.915988843387661 2.731102508578533 0
3.261462286465973 2.879410300798284 0
2.966232197139939 2.771589337972852 0
2.912070348025045 2.802522458249194 0
2.818550905296709 3.21760007220388 0
3.034200779340919 3.230117812805451 0
2.872962449730195 3.174160744672642 0
2.970486340325975 3.213767893888381 0
3.087656562681084 2.784696064245012 0
3.056037169563478 2.740572550189547 0
3.176406846957715 2.875849425251411 0
2.917732767104598 3.234990164043008 0
2.987319375727648 3.248083261954237 0
3.139283354171099 3.205915889720345 0
3.16613571954273 3.181622647208854 0
3.249221380559541 2.865535356862133 0
3.265463005378971 2.996978018540308 0
3.053076705325897 2.757492499271695 0
2.729566997024191 3.028550674237005 0
2.754737783663288 3.005631350778918 0
2.770137688871972 2.911882517231286 0
2.768951660235217 3.164350856303622 0
3.22991997633294 3.032259007480282 0
3.212520532709409 2.878784120496486 0
3.265396747158823 3.01465729480701 0
3.109413362813494 2.738837273399094 0
3.087951699399714 3.269473286995686 0
3.064605630038395 3.258612537857703 0
3.070415335665273 3.27454868660246 0
2.720135968062768 2.961019008990033 0
2.794761474869385 2.933338317982466 0
2.741255576726129 2.945055106659476 0
2.893698847415935 2.758120277568021 0
2.987420606963368 2.718448147355673 0
3.010841058213005 2.769410961063399 0
3.142404566680312 2.75529739179164 0
3.221327246386179 3.068792485173217 0
3.25680761808117 2.945252894192776 0
3.226397834573886 3.142137828129927 0
3.210844416196413 3.132268981733953 0
3.249092826650008 3.133838074680662 0
3.176551769833233 3.146095524214138 0
3.124464209598948 3.215833356928648 0
2.93029739186863 3.203463887237095 0
3.027475576774277 3.214476191440442 0
2.832559294190145 3.228159967606851 0
3.071197557132675 2.761690915209003 0
3.231648317489814 3.013597438670899 0
2.88439164083607 2.79877881660512 0
3.004460289446407 2.736818508612697 0
2.92231881539931 2.782544484787226 0
2.743595339076667 3.056746444202329 0
2.734504147172829 3.010380014764954 0
2.750827556436145 2.912836015762917 0
2.756266888247052 3.106219883722249 0
3.086781778415493 3.216002364443967 0
3.098014741085235 3.192769229371561 0
3.063695129853794 3.206765399646432 0
3.081119044728881 3.200544939827272 0
3.052132818966843 3.226885064094086 0
3.012134961687691 3.265955267723151 0
3.045803860860525 3.211432035390503 0
3.193684154202731 3.205407738947886 0
3.130040497827643 3.172334127038114 0
3.215082824519003 3.116683103616947 0
3.005221065985727 3.248874195559428 0
2.858918909764103 3.183050272118859 0
3.034652732190567 3.281291328977717 0
2.857225982761792 3.16198296209527 0
3.214335050160761 2.975274679458971 0
3.165695632725193 2.837541072300072 0
3.237865502445607 2.940264294616334 0
3.157958522575915 2.765032427066282 0
2.776102321446736 3.109542968641541 0
2.737563611759907 2.994395307709675 0
2.75572989696363 2.966378661700111 0
3.197213373133274 2.913764913998589 0
3.20647995963636 3.169683017925068 0
3.203725994808871 3.071650971173607 0
3.138057865375723 3.247653732722104 0
3.121265787687221 2.820969552919343 0
3.239516620127155 2.851790336818308 0
3.205850817943249 2.835496962181234 0
3.239218086068119 3.066883982013098 0
3.256170747706041 3.118756828097069 0
3.145010910860747 3.223118514476418 0
3.269373302981491 3.087248297009068 0
3.06961228708289 2.778411171740828 0
3.051320604297231 2.790178987643928 0
3.220940154993684 2.935191164517124 0
3.153187859954988 3.19457279707306 0
3.278301578149789 3.052691178429789 0
3.136620280471956 2.832427499051234 0
3.235910223324829 2.900624197968805 0
3.261112903986152 2.962180346387327 0
3.172742603337751 2.775718069917475 0
3.056884889375124 2.722925928767584 0
3.087858858535584 2.802449837846198 0
3.150972060194244 2.845310726698147 0
3.13714513872692 2.812235271124331 0
3.21067133160984 2.95451411524686 0
3.254079016180824 2.92837988990457 0
2.781596238313332 3.152943525946749 0
2.787379657387009 2.910895515518546 0
3.273554382376072 2.932598059463823 0
3.187388898221012 2.893963437692975 0
2.721311583804502 3.050787534253717 0
2.781387579734029 3.079093155275195 0
2.784067614837753 2.992564477274823 0
2.830088064282626 3.181548994730411 0
2.946960733913019 3.277400524887165 0
2.998615303567114 3.283342702506308 0
2.747571742802169 3.022657582359615 0
2.822579056194782 2.852702009277171 0
2.940291422757885 3.221809558096578 0
2.989788878281472 3.215748596031593 0
2.943725702178069 2.776754748005356 0
2.877815435140654 2.7649136038013 0
2.90843284232516 2.77103135161707 0
2.991474686422936 2.78454462615754 0
3.236836560052853 2.921719169081195 0
3.124211310902516 2.764630145220062 0
2.961362464733146 3.261556436015733 0
2.875689288508597 3.193529822357751 0
2.876478580436882 3.255858247594532 0
2.846758701025595 3.237473179613638 0
2.969387067435251 3.245588697971407 0
2.92032737535337 3.214951275576404 0
3.178423174376076 3.167385519064723 0
3.167261465034943 2.81594747633364 0
3.252080188896306 3.082861008304913 0
3.263992679729787 3.032281405579019 0
3.169577411791486 2.795287452539173 0
3.206374400974284 2.932607188724467 0
3.182872019602883 2.807678560378339 0
3.226494086182285 3.050658057235306 0
3.207757208009388 3.149714865701377 0
3.264867081376931 2.899300422208676 0
2.78977569941295 3.051635168290644 0
2.772403734182399 2.851379112120726 0
2.836684595660628 2.836147472969432 0
2.785403107238911 2.816855483678181 0
2.802132505220045 2.914324096534904 0
2.76343377656484 3.1222964798382 0
2.750644092583371 3.089792231882705 0
2.730101944097364 3.083320690163247 0
3.218071150940987 3.181644159414364 0
3.193624348413629 3.122609268279153 0
3.012004074363943 2.784638153891533 0
2.883874724331262 2.742472491851842 0
2.86780633793258 2.750032463198826 0
2.950040431073729 2.718335583397419 0
2.900029735836251 2.736233448093202 0
2.852078117824914 2.758843281999906 0
2.809650991693208 2.817583789092898 0
2.745559865437753 2.87832509196915 0
2.76951708253021 2.868446646837132 0
2.801695868506172 3.087638110492558 0
2.726993212958833 2.926530424138292 0
2.963537703750811 3.280527804522273 0
3.016611759326544 3.282915369311562 0
2.792299406120176 3.167186702948037 0
2.959848880967695 3.227308235275586 0
2.930690664789826 3.274208219606474 0
2.817734069648162 3.144986166961437 0
2.867409667841428 2.809394153165095 0
2.862330255935519 2.833124272563483 0
2.877841426607471 2.821332057196798 0
2.749759751740541 3.133040412494529 0
2.758839694020199 3.148967209685175 0
2.84760887689232 2.782706211226863 0
2.836898117162926 2.768785284920683 0
3.104985724297105 2.81096470282702 0
3.261286157499087 3.049663944403836 0
2.843832790731826 3.1714430850698 0
2.861065681078601 3.246644432718252 0
2.93086078181371 2.795465162629951 0
3.205684960938739 3.193941258482227 0
3.269348368899363 2.916478331087858 0
2.894419681151724 2.811161286347326 0
2.735299738385958 3.099976188219753 0
3.107732825842576 2.756671091542521 0
3.122476031132102 2.782964232523554 0
2.783660072226483 3.012603556536068 0
2.722931610755775 2.943720217159684 0
2.737904304349501 3.042865585539528 0
3.098552920329965 3.24771228802248 0
3.105133167760809 3.263272988394426 0
2.997568444681823 3.232121645494734 0
2.98084215461123 3.282549847785255 0
2.834263569468094 2.861648198645064 0
2.788887128246064 2.860458831896411 0
2.759763499003573 2.844349921029404 0
2.809906980621125 3.104247780927067 0
2.746557067089701 3.073203765428442 0
2.796822184959507 3.114254942007222 0
2.78578865360419 2.972452915833915 0
2.883143009940441 3.24086931527262 0
2.817050453083688 3.16925432927749 0
3.075711924696804 3.23785726187575 0
3.108847431990381 3.224439684930468 0
3.092554665181977 3.231779913268093 0
3.21028560792156 2.90691122859293 0
3.210878574948158 2.812355664241498 0
2.842863838065095 2.808254592401989 0
2.778740783407646 2.894330648707768 0
2.797275455200357 2.891114508571615 0
3.20947846029193 3.053010932226326 0
3.245466235178398 3.098194615831107 0
2.875704138163402 3.211246831892935 0
2.805064225981947 3.155823791696164 0
3.052621389588645 3.278501744947828 0
2.97781564943072 3.264449933483195 0
3.192014935581618 3.158330589122859 0
3.204691242125968 3.104589580155605 0
2.718607101638808 2.978119051061163 0
2.745334628799007 2.928709547273003 0
3.215927919294585 2.99531886831912 0
2.772160304043728 3.038034247815122 0
3.021494081577607 2.718353522517714 0
3.0385935395046 2.737910560365131 0
3.221658897819919 3.159722114938583 0
3.223277404647829 2.890131114041297 0
3.225965681953474 2.955754221098123 0
2.857679262696293 2.79661480282023 0
3.213406794098508 3.034114326443375 0
2.792137745198905 3.192894203479807 0
2.816379234211207 3.192659762414879 0
3.199354458428695 2.799590887849745 0
3.092174742455471 2.732340221640864 0
3.264078891053373 2.979429429141698 0
2.95395977567036 2.732370427385076 0
2.821692142067192 2.877902497055114 0
2.829172263109343 2.821457000239728 0
2.769146216488679 3.092297262541994 0
2.715596173389447 3.032499392895989 0
3.058436532555583 3.242637586997904 0
3.192351456667509 3.139168750199868 0
3.15526773063779 2.783991060433797 0
2.859444344588139 3.202420466987436 0
2.989214930382568 2.769963078514686 0
2.970095858219507 2.718495109545042 0
3.221022412816349 2.825520306050989 0
2.927577486482164 2.765633020797976 0
2.796581093080159 2.804016885902663 0
2.808902570050615 2.791505166420484 0
3.263196271962005 3.103497399844301 0
3.23296982706837 3.083878368539155 0
2.901180758632194 3.236563143448798 0
3.021353306112189 2.736634937364476 0
3.282191888947311 2.981646251811095 0
3.040849676912766 3.246076002217859 0
3.126194871596496 2.746527400917276 0
2.786095960935115 3.0322343876947 0
2.819550903754996 3.11999557914415 0
3.151914341789113 2.824160449393858 0
3.24820708476856 2.99543917846373 0
3.034567454470184 2.75485523397851 0
2.843138709537298 3.148891821434689 0
2.799433177066303 2.830643415952362 0
2.8084983104376 2.870952711206727 0
3.182018867705403 3.189870853620634 0
3.174252496823601 3.127521453271664 0
2.857024359152199 3.221314116106938 0
2.909702036990887 3.196228777989887 0
3.138258067386036 2.792721623421535 0
3.248847783917573 2.889055030908108 0
2 2 0 1004
595
596
597
598
599
600
601
602
603
604
605
606
607
608
609
610
611
612
613
614
615
616
617
618
619
620
621
622
623
624
625
626
627
628
629
630
631
632
633
634
635
636
637
638
639
640
641
642
643
644
645
646
647
648
649
650
651
652
653
654
655
656
657
658
659
660
661
662
663
664
665
666
667
668
669
670
671
672
673
674
675
676
677
678
679
680
681
682
683
684
685
686
687
688
689
690
691
692
693
694
695
696
697
698
699
700
701
702
703
704
705
706
707
708
709
710
711
712
713
714
715
716
717
718
719
720
721
722
723
724
725
726
727
728
729
730
731
732
733
734
735
736
737
738
739
740
741
742
743
744
745
746
747
748
749
750
751
752
753
754
755
756
757
758
759
760
761
762
763
764
765
766
767
768
769
770
771
772
773
774
775
776
777
778
779
780
781
782
783
784
785
786
787
788
789
790
791
792
793
794
795
796
797
798
799
800
801
802
803
804
805
806
807
808
809
810
811
812
813
814
815
816
817
818
819
820
821
822
823
824
825
826
827
828
829
830
831
832
833
834
835
836
837
838
839
840
841
842
843
844
845
846
847
848
849
850
851
852
853
854
855
856
857
858
859
860
861
862
863
864
865
866
867
868
869
870
871
872
873
874
875
876
877
878
879
880
881
882
883
884
885
886
887
888
889
890
891
892
893
894
895
896
897
898
899
900
901
902
903
904
905
906
907
908
909
910
911
912
913
914
915
916
917
918
919
920
921
922
923
924
925
926
927
928
929
930
931
932
933
934
935
936
937
938
939
940
941
942
943
944
945
946
947
948
949
950
951
952
953
954
955
956
957
958
959
960
961
962
963
964
965
966
967
968
969
970
971
972
973
974
975
976
977
978
979
980
981
982
983
984
985
986
987
988
989
990
991
992
993
994
995
996
997
998
999
1000
1001
1002
1003
1004
1005
1006
1007
1008
1009
1010
1011
1012
1013
1014
1015
1016
1017
1018
1019
1020
1021
1022
1023
1024
1025
1026
1027
1028
1029
1030
1031
1032
1033
1034
1035
1036
1037
1038
1039
1040
1041
1042
1043
1044
1045
1046
1047
1048
1049
1050
1051
1052
1053
1054
1055
1056
1057
1058
1059
1060
1061
1062
1063
1064
1065
1066
1067
1068
1069
1070
1071
1072
1073
1074
1075
1076
1077
1078
1079
1080
1081
1082
1083
1084
1085
1086
1087
1088
1089
1090
1091
1092
1093
1094
1095
1096
1097
1098
1099
1100
1101
1102
1103
1104
1105
1106
1107
1108
1109
1110
1111
1112
1113
1114
1115
1116
1117
1118
1119
1120
1121
1122
1123
1124
1125
1126
1127
1128
1129
1130
1131
1132
1133
1134
1135
1136
1137
1138
1139
1140
1141
1142
1143
1144
1145
1146
1147
1148
1149
1150
1151
1152
1153
1154
1155
1156
1157
1158
1159
1160
1161
1162
1163
1164
1165
1166
1167
1168
1169
1170
1171
1172
1173
1174
1175
1176
1177
1178
1179
1180
1181
1182
1183
1184
1185
1186
1187
1188
1189
1190
1191
1192
1193
1194
1195
1196
1197
1198
1199
1200
1201
1202
1203
1204
1205
1206
1207
1208
1209
1210
1211
1212
1213
1214
1215
1216
1217
1218
1219
1220
1221
1222
1223
1224
1225
1226
1227
1228
1229
1230
1231
1232
1233
1234
1235
1236
1237
1238
1239
1240
1241
1242
1243
1244
1245
1246
1247
1248
1249
1250
1251
1252
1253
1254
1255
1256
1257
1258
1259
1260
1261
1262
1263
1264
1265
1266
1267
1268
1269
1270
1271
1272
1273
1274
1275
1276
1277
1278
1279
1280
1281
1282
1283
1284
1285
1286
1287
1288
1289
1290
1291
1292
1293
1294
1295
1296
1297
1298
1299
1300
1301
1302
1303
1304
1305
1306
1307
1308
1309
1310
1311
1312
1313
1314
1315
1316
1317
1318
1319
1320
1321
1322
1323
1324
1325
1326
1327
1328
1329
1330
1331
1332
1333
1334
1335
1336
1337
1338
1339
1340
1341
1342
1343
1344
1345
1346
1347
1348
1349
1350
1351
1352
1353
1354
1355
1356
1357
1358
1359
1360
1361
1362
1363
1364
1365
1366
1367
1368
1369
1370
1371
1372
1373
1374
1375
1376
1377
1378
1379
1380
1381
1382
1383
1384
1385
1386
1387
1388
1389
1390
1391
1392
1393
1394
1395
1396
1397
1398
1399
1400
1401
1402
1403
1404
1405
1406
1407
1408
1409
1410
1411
1412
1413
1414
1415
1416
1417
1418
1419
1420
1421
1422
1423
1424
1425
1426
1427
1428
1429
1430
1431
1432
1433
1434
1435
1436
1437
1438
1439
1440
1441
1442
1443
1444
1445
1446
1447
1448
1449
1450
1451
1452
1453
1454
1455
1456
1457
1458
1459
1460
1461
1462
1463
1464
1465
1466
1467
1468
1469
1470
1471
1472
1473
1474
1475
1476
1477
1478
1479
1480
1481
1482
1483
1484
1485
1486
1487
1488
1489
1490
1491
1492
1493
1494
1495
1496
1497
1498
1499
1500
1501
1502
1503
1504
1505
1506
1507
1508
1509
1510
1511
1512
1513
1514
1515
1516
1517
1518
1519
1520
1521
1522
1523
1524
1525
1526
1527
1528
1529
1530
1531
1532
1533
1534
1535
1536
1537
1538
1539
1540
1541
1542
1543
1544
1545
1546
1547
1548
1549
1550
1551
1552
1553
1554
1555
1556
1557
1558
1559
1560
1561
1562
1563
1564
1565
1566
1567
1568
1569
1570
1571
1572
1573
1574
1575
1576
1577
1578
1579
1580
1581
1582
1583
1584
1585
1586
1587
1588
1589
1590
1591
1592
1593
1594
1595
1596
1597
1598
3.013079534360227 2.818318709667452 0
3.165919905137809 2.98532295873714 0
3.163750298554916 2.970374797040908 0
3.160181788294187 2.955675486662968 0
3.155242076325108 2.941307813500541 0
3.148957608218631 2.927355352852246 0
3.141370593431442 2.91393397734929 0
3.132529128543486 2.90115625828598 0
3.122503943491539 2.889153533485263 0
3.11137284914419 2.878046486175048 0
3.099237204744235 2.867962829291268 0
3.086203856231987 2.859015575563453 0
3.072393621601622 2.851309553238972 0
3.057928764674247 2.844933883521741 0
3.042933055232131 2.839965171838945 0
3.027530132411484 2.836467547612677 0
3.011879100144804 2.834495788236529 0
3.151517900375736 2.986821377461312 0
3.149480121400309 2.973241865422521 0
3.14613685932095 2.959863545520178 0
3.141520456410046 2.946774131730616 0
3.135669179347508 2.934063769889196 0
3.128630790800941 2.921833604436617 0
3.120462251970441 2.910189877205635 0
3.111233175133086 2.899245132005495 0
3.101023686022556 2.889111057498314 0
3.089926726757635 2.879898475472592 0
3.078043468425897 2.871711509673531 0
3.065481597785351 2.864647178470279 0
3.052353996673058 2.858791658690989 0
3.038776203079586 2.854220424148048 0
3.024867132761055 2.850997194562511 0
3.010755644510343 2.849171274117031 0
3.13846250837498 2.988200605759367 0
3.136538466392795 2.97589552274643 0
3.133394048460347 2.963753739425246 0
3.129067142698204 2.951856947986657 0
3.123604034745271 2.940291203501257 0
3.117059001485988 2.929149320538964 0
3.109494344991028 2.918529333742079 0
3.100981261691988 2.908533018324376 0
3.091599626465989 2.899262746802721 0
3.081438047860906 2.890819421686796 0
3.070592214343053 2.883299666598299 0
3.059162514248507 2.876794612476879 0
3.04725197883611 2.871388427428879 0
3.034966282020826 2.867156091773784 0
3.022412025501908 2.864161856095797 0
3.009696466626771 2.862455732983276 0
3.126667235950492 2.989491231498929 0
3.1248346954837 2.978380489134782 0
3.121855076910142 2.967395546386441 0
3.117774406565943 2.956607754062568 0
3.11264721523792 2.946095923519258 0
3.106534437930311 2.935945975726748 0
3.099502966571586 2.92624913397542 0
3.091625968798609 2.91709979784016 0
3.082983051099446 2.908593194975271 0
3.073660142031513 2.900823420086485 0
3.063748550325767 2.893881677583667 0
3.053343455461641 2.887855043690519 0
3.042540339295547 2.882826416582766 0
3.031435245153178 2.878872047612114 0
3.020121708337618 2.876059678277699 0
3.008688386610959 2.874444645985227 0
3.116061245759398 2.990718563302802 0
3.114290891174509 2.980738289531612 0
3.111433004397943 2.970840315344875 0
3.107546296240233 2.961084094861524 0
3.102695561303709 2.951541282639015 0
3.096948981551737 2.942292670626947 0
3.090377868866443 2.93342484540568 0
3.083057307025132 2.925027325479798 0
3.07506679209268 2.917190299298357 0
3.066490468135274 2.910003008503705 0
3.05741663890233 2.903552683924882 0
3.04793655086181 2.89792396129065 0
3.03814154824761 2.893199028659541 0
3.028119626872658 2.88945768428968 0
3.017953794142492 2.886774474425113 0
3.007715651850202 2.885215863504321 0
3.106593491754513 2.991909374739293 0
3.10484358337236 2.983015066314151 0
3.102051590554895 2.974145815427847 0
3.09829595511106 2.965350236081096 0
3.093654574107051 2.956695906580085 0
3.088203405141453 2.948261920806492 0
3.082017743031852 2.940133198030566 0
3.075174052427978 2.932396756289765 0
3.067751505793672 2.925139482166735 0
3.059832895507538 2.91844697547214 0
3.051504723988394 2.912403207861831 0
3.042856311318607 2.907090865265459 0
3.033977455219403 2.902592332654871 0
3.024953058914571 2.898991891372752 0
3.015859628208975 2.896374818451232 0
3.006755355818685 2.894826115682202 0
3.098238322283752 2.993099622953256 0
3.09644414372352 2.985270116694442 0
3.093642995129477 2.977381951856705 0
3.08994222132966 2.969479603965791 0
3.08543491706427 2.961634303921736 0
3.080204067579572 2.953929348592265 0
3.074327391548084 2.946451844639006 0
3.067881292913658 2.939288623417946 0
3.060943702530978 2.932524497536458 0
3.05359590113105 2.926241859112116 0
3.045923388479636 2.920521210636033 0
3.038015692233959 2.915442572264042 0
3.029964627430478 2.911087914575027 0
3.021858785040178 2.907545596657516 0
3.013777020660951 2.904913974204038 0
3.005772486677604 2.903305858451752 0
3.091002255802602 2.994348713272234 0
3.089055716830008 2.987589280295509 0
3.086142144820248 2.98063834511115 0
3.08240426349075 2.973557493468231 0
3.077948105650342 2.966436962888696 0
3.072859659276384 2.959372812735 0
3.067215379753315 2.952458513153008 0
3.061088799434182 2.945782466975969 0
3.054554724562511 2.939427818349756 0
3.047691953673978 2.93347324433605 0
3.040585042631883 2.927994442772895 0
3.033325290705529 2.92306652592495 0
3.026010628969488 2.918767903102229 0
3.018742134034847 2.915187268058559 0
3.011617155500175 2.912433489749516 0
3.004706126543951 2.910653114775636 0
3.084925179772439 2.995775737532266 0
3.082640531505103 2.990109076966539 0
3.079474817842311 2.984033199652983 0
3.075593184696855 2.977681825979372 0
3.071101215318948 2.971188268765868 0
3.066078061732717 2.964669942730758 0
3.06059231292547 2.958229066638636 0
3.054710302322563 2.951955695302225 0
3.048500850071861 2.945930432098197 0
3.042038360067682 2.940226698194273 0
3.035405284896392 2.934912965050982 0
3.028694581896576 2.930055578715716 0
3.022012566637798 2.925723197626247 0
3.015481192901932 2.921995229026118 0
3.00924036028066 2.918976975582519 0
3.003433153478854 2.916833556509143 0
2.998316828701883 2.925784121238881 0
2.993998272660815 2.929760991141759 0
2.989025475482149 2.933987891451372 0
2.9836360656031 2.93852215025409 0
2.978002274678099 2.943367993349173 0
2.972254029703056 2.948507987020483 0
2.966493057288022 2.953912412693569 0
2.960799688650344 2.959541917362297 0
2.955241487959573 2.965348008687393 0
2.949874452104568 2.971272374206398 0
2.944744194568144 2.977245454104295 0
2.939886090457562 2.983183884943449 0
2.935324388657123 2.988985960169537 0
2.93106996254127 2.994523380516066 0
2.927111070004466 2.999627695670209 0
2.923380534207215 3.004070900413842 0
3.002792248812318 2.929592204490378 0
2.998485670446328 2.934314237030855 0
2.993668200347386 2.93904421110144 0
2.988495681599296 2.94389585460579 0
2.983094959069144 2.948920835884557 0
2.977571430979283 2.954133155287719 0
2.972011344215861 2.959525094485496 0
2.966483520174382 2.965073848403327 0
2.961043849273655 2.970744208063438 0
2.95573779438321 2.976489604856023 0
2.950599146132903 2.982252061648613 0
2.945648311685743 2.987961215980516 0
2.940887987257318 2.993532508432599 0
2.936298772945135 2.998863471555971 0
2.931825685578155 3.003830467214802 0
2.927348432369083 3.00828919580666 0
3.007918970517647 2.93361551077977 0
3.003476091361145 2.938848773783971 0
2.998668714148007 2.94396846414183 0
2.993586124322927 2.949092478782902 0
2.988312344344581 2.9542838665997 0
2.982927035195222 2.959577356864052 0
2.977497709242006 2.964980529499102 0
2.972078433465151 2.970484419860004 0
2.966712381322872 2.97606606957681 0
2.96143413519662 2.981690739646545 0
2.956267294433124 2.987313117650865 0
2.951221718811841 2.992877841908005 0
2.946283155511344 2.998321102589892 0
2.941415539915333 3.003568884662605 0
2.936549721209941 3.008539328081006 0
2.931566730704433 3.013150227306331 0
3.013475115912358 2.937933605514124 0
3.008826372108454 2.943493591556593 0
3.003940696376979 2.948885887147529 0
2.998862779117107 2.954213250157804 0
2.993643815534255 2.959542543974361 0
2.988328605520731 2.964910824226457 0
2.982976041956256 2.970334916709727 0
2.977619681422567 2.975817577570417 0
2.972293228717185 2.981345515338457 0
2.967019794585466 2.986894790899688 0
2.961815435209578 2.992432287256275 0
2.956690025012054 2.997916313690399 0
2.951610210127711 3.003305153071423 0
2.946534187340351 3.008550268668286 0
2.941394213770339 3.013602979655678 0
2.9360879848455 3.01842273864235 0
3.019287878291177 2.942555101433485 0
3.014410562310645 2.948303294415513 0
3.009402147744422 2.95386658219048 0
3.004277426041395 2.95933076425615 0
2.99906112126538 2.964756766398773 0
2.993780988772621 2.970183318645079 0
2.988461185134262 2.975630159162469 0
2.983134112520185 2.981105419521613 0
2.977821268676317 2.986604088968787 0
2.972537067166983 2.992110954134694 0
2.967285570273423 2.997604824730515 0
2.962114192573766 3.003049825329926 0
2.956935678590995 3.008432204352112 0
2.951719330674203 3.013722042067442 0
2.946406641655874 3.018895342338514 0
2.9409135099461 3.023939143963515 0
3.02522788966547 2.947466287493084 0
3.020125281279962 2.953295529288977 0
3.014978199201138 2.958945178832671 0
3.009781264057636 2.964485727409361 0
3.004538795488554 2.969969807762916 0
2.999260912427348 2.97543290376486 0
2.993959634623983 2.98089556496409 0
2.988647416063236 2.986367111464246 0
2.98334298749722 2.991849049616707 0
2.978052830029665 2.997331742589632 0
2.972776869195391 3.002803718750766 0
2.967546527729819 3.008245821558108 0
2.962300543165176 3.013650966919748 0
2.957002403393458 3.019008477731878 0
2.951600209108062 3.024313949364571 0
2.946024886067011 3.029573826480538 0
3.031192221150753 2.952640967590368 0
3.025885142581125 2.958465656664784 0
3.020604517820402 2.964131842895517 0
3.015329333075488 2.969696778094777 0
3.01004918608587 2.975203716548086 0
3.004760222196538 2.98068266809531 0
2.999463043218114 2.986151705840149 0
2.994153876135329 2.991621556877397 0
2.988850251993671 2.997093048803638 0
2.983554293077026 3.002563273631507 0
2.978263500642915 3.00802734132258 0
2.972995373957726 3.013478437763954 0
2.967718593082723 3.018916522229516 0
2.962390391020404 3.024345409154373 0
2.956966945620049 3.029775793861719 0
2.951392441963585 3.035228792831909 0
3.037097226240596 2.95804283922956 0
3.031619446728517 2.963793471002302 0
3.026225884911085 2.969419312029513 0
3.020882666519797 2.974965579144389 0
3.015566766221019 2.980465749536527 0
3.010264092603326 2.985942575636332 0
3.004965471522834 2.991410149352346 0
2.999654863682638 2.99687435866721 0
2.994349807055813 3.002338080081508 0
2.989050209016683 3.00780081212338 0
2.983753683718407 3.013262072177104 0
2.978453295204462 3.018723742313197 0
2.973188533315195 3.024190613756886 0
2.967873898560542 3.029679730450788 0
2.962484278243002 3.035213469471212 0
2.956977539401548 3.040825081722998 0
3.042873647258842 2.963626073754342 0
3.037270330305276 2.969246118036104 0
3.031797229742942 2.974786513283171 0
3.026408796196185 2.980280645179147 0
3.021071194492426 2.985751247895199 0
3.015761032268153 2.991212191406312 0
3.010462273431591 2.996670904701598 0
3.005150295928231 3.002127649711943 0
2.999843901528964 3.007584104154117 0
2.99454299572344 3.013039770234494 0
2.989247540027197 3.018496413039442 0
2.983970481411147 3.023959219748589 0
2.978708541289116 3.029442038639066 0
2.973432247178009 3.034968778635121 0
2.968117867090311 3.040572485581936 0
2.962732720859859 3.046297786032388 0
3.048463805636894 2.969334847467793 0
3.042791451064054 2.974779238347455 0
3.037283846222161 2.980200676804861 0
3.031883858179943 2.985619757349252 0
3.026548029120887 2.991046730248866 0
3.021244836186026 2.996484455910061 0
3.015951075571922 3.001931434687428 0
3.010640143717789 3.007381232059187 0
3.005332506589911 3.012830917060521 0
3.000030335068367 3.018277750799308 0
2.99473824375137 3.023723244423706 0
2.989477098284235 3.029173250899176 0
2.984242696259844 3.034649434349983 0
2.979028135949704 3.040180757442905 0
2.973821032605508 3.045809959005956 0
2.968600655331773 3.051593261014201 0
3.053820068162546 2.975101930525639 0
3.048147752623225 2.980336824878196 0
3.0426622160144 2.985618310863886 0
3.037294005281554 2.990951700200358 0
3.031991724840266 2.996331857791341 0
3.026718605842769 3.001747713111743 0
3.021434236459976 3.007187034601874 0
3.016126702659463 3.012634847027358 0
3.010815643207711 3.01808058015503 0
3.005507574345916 3.023516817860826 0
3.00021391223441 3.028939406981102 0
2.994960187900397 3.034360611630901 0
2.98975811722331 3.039801502592919 0
2.984615788565391 3.045295484164885 0
2.979536154544651 3.050894370668995 0
2.974512968422524 3.056667628172594 0
3.058904267485533 2.980845985021621 0
3.053316556403642 2.985849949353491 0
3.047921935225303 2.990985388136834 0
3.042636882962681 2.996237564984252 0
3.037405252783979 3.001581526990502 0
3.032203309058667 3.006987503202614 0
3.026909892756835 3.012435567878524 0
3.021616930337726 3.017890439770712 0
3.016285078498105 3.02334146075476 0
3.010958854322577 3.028766129842225 0
3.005653454919035 3.034159654870386 0
3.000394173681041 3.039528649091313 0
2.995216172190402 3.044900577076971 0
2.99014130645397 3.050306182900071 0
2.985193727230588 3.055806549476194 0
2.980387646676603 3.061486185238668 0
3.063688208905804 2.986466775041167 0
3.058290779614739 2.991234339289486 0
3.053069995719241 2.996237115496766 0
3.047924538877482 3.001432037768494 0
3.042788117478627 3.006768935762615 0
3.037619649142266 3.012198385046683 0
3.032379064901647 3.017677103884842 0
3.027084193590373 3.023164034523573 0
3.021743063013955 3.028629146055456 0
3.016385991162393 3.03404753171 0
3.0110443984259 3.039406323525424 0
3.005758042254299 3.044706486558129 0
3.000573535708739 3.04996689044219 0
2.995541387794475 3.055223512681076 0
2.990710835793388 3.060542083593733 0
2.986124821831988 3.066023557501013 0
3.068156250332678 2.991836840322276 0
3.063085820314763 2.996386894431473 0
3.058139697356357 3.001297937455046 0
3.053200753028479 3.006484649327095 0
3.048201558711424 3.011863565077985 0
3.043106903901047 3.017360015698512 0
3.037901659233983 3.022910027993617 0
3.032597414158126 3.028459025976543 0
3.027216598012711 3.033963233775501 0
3.021795261598232 3.039388575750278 0
3.016377851829718 3.044712586911703 0
3.011018306598555 3.049926497356114 0
3.00578147205634 3.055038936564165 0
3.00074239434978 3.060081165851567 0
2.995986146301126 3.0651183836628 0
2.99159829770569 3.070266791199782 0
3.072313998343713 2.996787514905641 0
3.067752424597773 3.001181937945672 0
3.063198130972302 3.006083384025625 0
3.05853423399343 3.011344286876186 0
3.053708509046237 3.016839778807718 0
3.048703375403242 3.022467363240737 0
3.043522420805411 3.028143174052698 0
3.038187031840765 3.033798116839173 0
3.032731171372762 3.0393757989224 0
3.027200662557785 3.044831010908011 0
3.021652422078573 3.050129710164871 0
3.016154511872033 3.055249825505302 0
3.010790667493147 3.060184309059608 0
3.005663388295239 3.064947216792871 0
3.000897718460642 3.069588284992341 0
2.996641984802302 3.074226556285474 0
3.076220192694297 3.001088061691517 0
3.072405855981335 3.005470394465571 0
3.068361894161835 3.010506643254017 0
3.064026877511338 3.01596662221581 0
3.059393244887639 3.021681793483974 0
3.054474695313513 3.027524894833827 0
3.049297243032445 3.033395909475048 0
3.043897409233137 3.039213541095247 0
3.038321340754317 3.044910424141547 0
3.032625254810984 3.050430299708238 0
3.02687659044101 3.055726505764016 0
3.021155906324602 3.060761107013422 0
3.015561929003173 3.065505089683761 0
3.010221550767213 3.069940596094054 0
3.005302551506567 3.074067903300514 0
3.001035092318035 3.077976300323389 0
3.030450966691933 2.820461993163815 0
3.047522348237038 2.824282226099902 0
3.064067137043611 2.829703616833906 0
3.079998148319015 2.836668878899516 0
3.095182395545073 2.845100299808096 0
3.109490261919627 2.854908556852855 0
3.122775876290332 2.865971661281795 0
3.134933907513038 2.878176363394668 0
3.14583245032669 2.891353460543435 0
3.155417549599906 2.905393573252943 0
3.163598750841697 2.920112359947426 0
3.170355538460282 2.93541766509854 0
3.175638185272802 2.951137693668046 0
3.179449316668191 2.967234102892776 0
3.181767274939479 2.983661720450376 0
2.992845309699022 2.917045414812348 0
2.991322568849911 2.910922384811412 0
2.989954664926322 2.903626254087202 0
2.988616488367025 2.895196883083254 0
2.98724110623848 2.885639303611708 0
2.985782692288686 2.874925571058257 0
2.984201451214685 2.863001665881795 0
2.982454956391472 2.849793260682638 0
2.980489714613695 2.835209743850132 0
2.978226224960216 2.819149018057192 0
2.987128326182463 2.919417403184462 0
2.984490246035753 2.912976694931446 0
2.982026776653067 2.9055538241382 0
2.979593676856839 2.897111619324989 0
2.977095640434043 2.887613091102804 0
2.974460843204632 2.877009193463343 0
2.971626240956972 2.865236066699649 0
2.968527662995622 2.852215606638332 0
2.965090462851895 2.837857526749099 0
2.961221774230983 2.82206174048282 0
2.981011571865354 2.922679148662024 0
2.977484069989989 2.916009171205698 0
2.974066322669229 2.908502501460805 0
2.97063147715619 2.900086376000116 0
2.967079429217885 2.890697123449735 0
2.963326299925497 2.880268624096445 0
2.959294897740655 2.868727195590671 0
2.954906153973917 2.855990125570984 0
2.950069511411134 2.841966544982816 0
2.94466748561044 2.826561003901724 0
2.974632458829249 2.926659677301151 0
2.970368315493367 2.919870515554015 0
2.966120189600804 2.912357216122309 0
2.961781464404293 2.904033298572442 0
2.95725624896757 2.894820844768261 0
2.952456749220729 2.884642440646318 0
2.947299042024253 2.873416552185167 0
2.941696843638262 2.861055363084774 0
2.935554922964855 2.847464458545487 0
2.928762218177744 2.832543037968788 0
2.968127089951987 2.931248783337997 0
2.963235317810703 2.924448934607486 0
2.95826145465326 2.917017663032258 0
2.953112956347994 2.908865412289692 0
2.947699196042286 2.899907857226304 0
2.941932485377674 2.890060968058901 0
2.935726610583508 2.879237386499235 0
2.928993009077091 2.867344154611544 0
2.921636296426944 2.854282033825531 0
2.913542882583159 2.839947637888954 0
2.961614704719489 2.936363381359357 0
2.956182247904161 2.929653350016171 0
2.950573870501499 2.922394398113997 0
2.9447046498374 2.914498629092312 0
2.93848760252852 2.905879799737555 0
2.931835954080911 2.896450425816296 0
2.924663552913124 2.886118920032157 0
2.916883048363541 2.87478677634445 0
2.908405766078846 2.862346168533939 0
2.899136905414519 2.848677620770355 0
2.955197327556993 2.941931373491975 0
2.949302079635819 2.93540279064285 0
2.943143609032191 2.928404089662541 0
2.936639458724567 2.920850802377736 0
2.929703912357765 2.912657168324527 0
2.922251004617421 2.903734547640917 0
2.914194536822813 2.89398864035878 0
2.905448989527438 2.883316006981677 0
2.895932415208622 2.871599131548255 0
2.885569899169888 2.858697723763595 0
2.94896333521505 2.947883437129498 0
2.942680578666599 2.941619766627943 0
2.936053428763539 2.934965300977408 0
2.928998891912881 2.927839458279067 0
2.921431036368377 2.920158390732193 0
2.913262554723353 2.911833924029666 0
2.904405579417434 2.902771061610653 0
2.894774614823943 2.892864055422907 0
2.884289274138141 2.88198975948793 0
2.872877042363302 2.869999085723199 0
2.942992426861574 2.954148457088009 0
2.936399141725117 2.948226394035554 0
2.929385386252893 2.941996223211679 0
2.921865527872736 2.935380777987135 0
2.91375183186355 2.928298680768326 0
2.904955091448723 2.92066397567797 0
2.895385197824031 2.912383923337842 0
2.884952697452997 2.903354267536963 0
2.873575091609938 2.893450103171823 0
2.861190945042139 2.882504468762995 0
2.937356599238397 2.960650179312495 0
2.930534161860393 2.955141271907194 0
2.923218636626721 2.949412155613937 0
2.915320633522573 2.943387732193408 0
2.906750118632996 2.936989056974287 0
2.897415770943633 2.930133895650009 0
2.887224325480544 2.922735224342593 0
2.876080505493186 2.914697484879234 0
2.863888229796035 2.905910082317538 0
2.850556998834053 2.896238294346267 0
2.932122361905836 2.967304803709527 0
2.925158521808366 2.962277739994355 0
2.917629983359682 2.957124577807358 0
2.909443626713005 2.951769675504456 0
2.900507960684796 2.946135691340793 0
2.890730672707127 2.940145128865651 0
2.880016339055643 2.933719602711628 0
2.86826452905119 2.926777402824067 0
2.855367872587002 2.919229806257744 0
2.841207553829121 2.910977395541246 0
2.927353494360302 2.974018668336136 0
2.92034391064832 2.969543029280976 0
2.912695119410448 2.965041497443119 0
2.904312010977755 2.960433419813528 0
2.895104278670916 2.955641397909754 0
2.884981429058581 2.950593196978202 0
2.873848793825197 2.945221171642948 0
2.861604526536129 2.939460664075869 0
2.848137387362402 2.933247997307312 0
2.833326206331086 2.926516984295013 0
2.923115440148018 2.980685563506857 0
2.916164608995969 2.97683857870005 0
2.90849082616316 2.973069506604391 0
2.900001799519448 2.969286031808026 0
2.890613555182318 2.965408816955261 0
2.880241975716705 2.961371512199011 0
2.868797224834135 2.957118914736934 0
2.856180112532555 2.952605579058612 0
2.842279353254653 2.94779639225016 0
2.826968142816001 2.942673042890689 0
2.91948332329495 2.987183669863712 0
2.912703815780775 2.984062733234564 0
2.905098423466769 2.981118459218858 0
2.896588400074427 2.978239629700719 0
2.88710483797592 2.975345004420288 0
2.876576262647513 2.972376205581782 0
2.864922382267465 2.969292360554639 0
2.852051059456141 2.966067553960861 0
2.837856885779009 2.962690583863383 0
2.822221205432095 2.95916395742994 0
2.916557608380591 2.993374596269259 0
2.910064175906224 2.991119331701075 0
2.902608425494605 2.989110436996776 0
2.894147322814005 2.987218389400053 0
2.884640428082921 2.985366900725059 0
2.874036142126949 2.983511257367938 0
2.862267805244243 2.981628210435797 0
2.849253221819656 2.979712756391911 0
2.834895130699212 2.977779912203256 0
2.819081630012946 2.975873255832795 0
2.91449762196397 2.999117977534957 0
2.90838505900343 2.997940447085154 0
2.901124934453037 2.99699506089086 0
2.892752716319564 2.996167246852638 0
2.883272935398235 2.995406466273634 0
2.872658912078979 2.994692195822791 0
2.860858879095315 2.994023028699569 0
2.847801168098342 2.993414762167509 0
2.833397980367413 2.992902955488254 0
2.817548669275583 2.992545259784713 0
2.914803964282826 3.009532445082395 0
2.908781794944626 3.011082268511426 0
2.901607745764197 3.01249402449888 0
2.893325837527649 3.013894085194141 0
2.883946283997589 3.015352198593168 0
2.873447572414499 3.016918542972848 0
2.861783758614747 3.018638975167549 0
2.84889055725644 3.020563895835782 0
2.834690038628482 3.022755806380604 0
2.819094466515476 3.025295216289815 0
2.917184582582244 3.015126524525968 0
2.910854670498662 3.017762099077663 0
2.903562587418896 3.02023061511843 0
2.895275835062262 3.022675856496003 0
2.885962818850227 3.025192670475789 0
2.875580759021226 3.027851819489902 0
2.864073085844034 3.030713916199857 0
2.851370229145022 3.033838266252544 0
2.837391685378145 3.037290267161981 0
2.822049355628625 3.041151463181723 0
2.92043853989343 3.021103693060987 0
2.913880439673575 3.024601626573526 0
2.906504567293397 3.02798811487899 0
2.898242155820033 3.031387653638721 0
2.889034101923211 3.034897027554016 0
2.87881930061321 3.038594577053316 0
2.867529262677137 3.042547939711051 0
2.855085999738047 3.046819617622838 0
2.841401426626259 3.051470797570557 0
2.826377286864067 3.056563450593132 0
2.924395383132087 3.027335542347641 0
2.917711859841362 3.031545055039372 0
2.910321350389313 3.03572858865788 0
2.902140340808452 3.03998885901959 0
2.89309416617164 3.044416224959912 0
2.883108650030411 3.049089509995647 0
2.872104780166802 3.054078544969818 0
2.859995295105863 3.059446206747454 0
2.846681979200556 3.065248684025597 0
2.832051966824019 3.071531282386397 0
2.928945248396824 3.033693726059404 0
2.92223908482718 3.038508188294478 0
2.914915995620579 3.043388055385879 0
2.906888304374761 3.048420837121308 0
2.898073608672362 3.053689976961377 0
2.888389388781211 3.059272551976566 0
2.877748526923821 3.065238871551879 0
2.86605549256136 3.071652212637287 0
2.853202735500067 3.078567769637469 0
2.83906764096937 3.086031797921648 0
2.934005984362273 3.040065691540884 0
2.927373370439562 3.045401120125909 0
2.920202896297083 3.050890767619587 0
2.912407536861875 3.056613774314446 0
2.903901857833143 3.06264903863056 0
2.894598683393095 3.069072349799538 0
2.884405466738007 3.075954752786093 0
2.873220269594374 3.083360869847961 0
2.860926699386193 3.091345740423685 0
2.847385909585565 3.099947159847691 0
2.939507209126372 3.046353988857086 0
2.933036617732906 3.052136454692078 0
2.926102892586548 3.058157093091556 0
2.918621574378383 3.064491833965723 0
2.910506900645476 3.071217841682474 0
2.901669856965247 3.078411119675508 0
2.892015328948518 3.086144804404419 0
2.881438242703149 3.094487310355664 0
2.869818358775044 3.103499515724504 0
2.85701468409944 3.113232039947023 0
2.945381850348893 3.052473162917844 0
2.93915469145029 3.058631620322303 0
2.932539201167817 3.065107328640676 0
2.925453885599418 3.071976507897646 0
2.917814070046506 3.079316855760772 0
2.90953101655935 3.087206038337455 0
2.900509860724456 3.095720606205259 0
2.890646055820872 3.104934578669698 0
2.879818948464421 3.114915984679149 0
2.867877115901491 3.125715716918247 0
2.951561249350804 3.058346956605958 0
2.945653128669528 3.064808955139486 0
2.939434464490749 3.071663305886444 0
2.932826120509638 3.078988691544657 0
2.925744954685333 3.086864693505835 0
2.918103962157235 3.095371406790322 0
2.909811230349813 3.104589532745227 0
2.900767810484526 3.114600655949729 0
2.89086452188159 3.125487495938715 0
2.879978164337841 3.137334488538329 0
2.957971965028505 3.063905981552558 0
2.952454373108818 3.070594872164091 0
2.946708901749566 3.077748778181466 0
2.940657160030066 3.085449899897267 0
2.934217048046195 3.09377994877529 0
2.92730389111846 3.102821074349378 0
2.919830329823521 3.112657268073829 0
2.911705649415761 3.123376219286472 0
2.902835539676216 3.13507217472477 0
2.893126325488876 3.147850482271596 0
2.964533317175313 3.06908544000918 0
2.959476035134828 3.075918368575833 0
2.954279518316677 3.083288946053513 0
2.948863202690071 3.091282800890103 0
2.943144618204617 3.099982777017608 0
2.937041211384004 3.109471489532438 0
2.930470580691037 3.11983399836546 0
2.923350465145093 3.131160603374425 0
2.915600368867014 3.143549896811439 0
2.907144300017534 3.157113780376899 0
2.971154965313306 3.073822256845301 0
2.966629962102478 3.080708644988116 0
2.96206042847401 3.088209095053736 0
2.957358959265642 3.096411000642844 0
2.952440641175214 3.105395807756662 0
2.947224538456755 3.115243832142166 0
2.94163305408949 3.126038246910767 0
2.935592111759111 3.137867727730509 0
2.929032201973139 3.150830735728643 0
2.92189837443242 3.165042292479908 0
2.977734064161262 3.078050639324728 0
2.973822388609322 3.084891268302843 0
2.969964666269278 3.092432150794826 0
2.966060081254671 3.100758059629537 0
2.962019489037568 3.109944304075332 0
2.957763883344396 3.120064828396991 0
2.953221114031422 3.131197310483684 0
2.948323222763159 3.143425701677741 0
2.943003668138347 3.156842341339832 0
2.937195999205078 3.171549241312651 0
2.984152872028559 3.081693804682842 0
2.980956887562368 3.088381591349716 0
2.977908660719747 3.095874762423712 0
2.974887662678211 3.10424548111245 0
2.971801081162132 3.113555073918612 0
2.968574367093288 3.123866004796319 0
2.965143554971061 3.135247265027542 0
2.961448625587547 3.147776523360048 0
2.95742683551161 3.161539854582508 0
2.953000800727078 3.176629208718275 0
2.990277836585121 3.084650046141124 0
2.987942960460889 3.091074467922331 0
2.98582086247302 3.098442149085237 0
2.983773766521701 3.106791747918948 0
2.981713151907567 3.116157966192546 0
2.979576085840304 3.126585523208101 0
2.977312318560598 3.13813235462182 0
2.974875871134375 3.150869330413613 0
2.972217793584646 3.164878620267563 0
2.969278256249274 3.180251466051434 0
2.995980082027731 3.086763517771438 0
2.994718293601109 3.092827434241377 0
2.993655626127098 3.100024115438039 0
2.992668901915027 3.108313991521846 0
2.991694921762688 3.117688830375954 0
2.990695017551626 3.128170759381478 0
2.989640506166907 3.139806095905126 0
2.988505569412925 3.152659841693663 0
2.987260996785145 3.166811563677491 0
2.985862745412367 3.182351695912213 0
3.006384144270314 3.086589576075774 0
3.007851759278978 3.092607777718647 0
3.009155209994476 3.099766200861887 0
3.010414152516105 3.108021133840662 0
3.011689409625313 3.117362170034024 0
3.013018633945326 3.127810433565605 0
3.014429895040743 3.139411818990238 0
3.015948424730639 3.15223109272487 0
3.017602744522549 3.166347554076435 0
3.019437265533079 3.181851126887243 0
3.012016391434905 3.084286117291734 0
3.014572467981674 3.090627561876074 0
3.016942603066243 3.097922633964042 0
3.019265238554969 3.106204210411205 0
3.0216286877492 3.115504108381204 0
3.024095537388404 3.125865320883602 0
3.026715869614479 3.137344878042011 0
3.029534979401999 3.150013294068311 0
3.032599383951004 3.163952901069758 0
3.035962278998725 3.179256058251344 0
3.018053570381408 3.081116959633373 0
3.021478518371631 3.08769573409446 0
3.024779660682636 3.095087461056899 0
3.028078488753102 3.103360316313723 0
3.031468439563242 3.112572963709892 0
3.03502468382234 3.122786022451252 0
3.038811874666911 3.134067313267058 0
3.042890220251412 3.146493865001168 0
3.047319563537162 3.160152351481532 0
3.052162285909922 3.175139243625325 0
3.024363663038332 3.077247118624645 0
3.028509650890621 3.083956810486428 0
3.032623081670982 3.091371247327534 0
3.036806086358077 3.099572355624786 0
3.041149021710319 3.108633170143797 0
3.045732411719637 3.118625783709708 0
3.050630366475524 3.129626116573119 0
3.055913769740485 3.141716578556344 0
3.061654290843665 3.154987855771293 0
3.067925072293066 3.169540118554754 0
3.03081428466565 3.072782504060743 0
3.035576422955161 3.079518316138085 0
3.040402372424718 3.086870024861825 0
3.045380924504551 3.094922774417857 0
3.050598656824465 3.103756033422139 0
3.056138204242628 3.113448088317895 0
3.062080030227674 3.124079803851129 0
3.068504093878616 3.135737046099366 0
3.075491871699803 3.148512797414463 0
3.083127106843661 3.162509836231285 0
3.037289436080318 3.067803055373249 0
3.042584465321125 3.074467821615102 0
3.04803561397497 3.081669468387763 0
3.053725101137717 3.089491816208292 0
3.059737091016515 3.098016056889004 0
3.066156267294444 3.107323230516485 0
3.073067351416184 3.117496101591476 0
3.080557664005802 3.128621516462559 0
3.088718906642839 3.140792100228674 0
3.097648913134336 3.154108416035557 0
3.043689380566843 3.062378140192142 0
3.049442843629407 3.068883000527162 0
3.055438889073748 3.075849633568099 0
3.061757519511017 3.083358751150631 0
3.068482258178493 3.091490843456377 0
3.075699150531241 3.100327076352119 0
3.083497176841373 3.109950405580008 0
3.091970315265207 3.120446820437045 0
3.10121824530574 3.131905643898836 0
3.11135246759045 3.144421122715926 0
3.049925330340348 3.056573801646615 0
3.056065052052256 3.062837411543966 0
3.062527977464869 3.069487633442826 0
3.069394745412208 3.07660194168207 0
3.076749585677154 3.084259262824509 0
3.084680011390645 3.092539774753749 0
3.09327770325902 3.101525153624317 0
3.102640579364791 3.111298958162054 0
3.11287596159428 3.12194686276722 0
3.124101763706521 3.133556402633088 0
3.055918046587089 3.050457782979285 0
3.062370208896742 3.056404883990966 0
3.06922142954765 3.062660771078352 0
3.0765547116295 3.069300637116349 0
3.084455647111503 3.07640208221651 0
3.093012841698023 3.084044073348471 0
3.10231929296818 3.092306569988776 0
3.112474796441904 3.101270315211541 0
3.123589999964123 3.111015838099875 0
3.135793776643511 3.121618814418107 0
3.061595550217183 3.044102539596119 0
3.068282167084883 3.049662077802085 0
3.075440772439652 3.055448120032264 0
3.08315759378869 3.061535527165504 0
3.091519507566528 3.068001678856497 0
3.100615345034737 3.074924797636703 0
3.110537779795587 3.082383417349667 0
3.121385702156912 3.090456427747109 0
3.133267306101406 3.099223061920152 0
3.146304031406482 3.108762712518499 0
3.066890800636269 3.037587663408051 0
3.073727832448558 3.042690185513099 0
3.081109652421735 3.047931309222548 0
3.089125652195494 3.053388719268064 0
3.097863030286547 3.059141361853359 0
3.107409433573042 3.065267436713896 0
3.117855549383376 3.071844296954924 0
3.129297449921439 3.078949419580283 0
3.141838951341295 3.086661632439696 0
3.155595036559779 3.095060971099593 0
3.071738712294393 3.031002356027175 0
3.078634506747479 3.035575969938573 0
3.086152020850105 3.040194434137821 0
3.094382254209749 3.044943021165353 0
3.103410426604709 3.049904409153271 0
3.113320796970161 3.055157166187875 0
3.12420026671614 3.060776990835527 0
3.136140663214086 3.066839536812886 0
3.149239835173565 3.073424543343505 0
3.163601948196211 3.080620987909701 0
3.076071485799516 3.024448367352608 0
3.082925735543268 3.028411832950742 0
3.090489330739415 3.032322633689803 0
3.098850360174696 3.036280184570121 0
3.108087554502815 3.040372622557136 0
3.118278392007189 3.044678025592174 0
3.129503944369169 3.049268303619054 0
3.14185113516156 3.05421443829597 0
3.155412627490687 3.059594227329638 0
3.17028286416305 3.065507986333745 0
3.079810316081416 3.018043321050351 0
3.086514727096216 3.021293590974047 0
3.094036682982979 3.024398247794327 0
3.102450896658651 3.027477518780273 0
3.111821599637133 3.030624126853736 0
3.122214527777107 3.033912218564467 0
3.133702474786592 3.037405454883808 0
3.14636724585006 3.041163987248899 0
3.160299517988787 3.045251583110855 0
3.175597428847027 3.049743549342697 0
3.082849563798537 3.011921811944881 0
3.089293827850329 3.01431228456068 0
3.096698124575876 3.016492636273532 0
3.105101875475217 3.018602224313817 0
3.114542092245117 3.020730169608386 0
3.125066587917829 3.022939072851642 0
3.136737339316547 3.025277996527799 0
3.149630310468976 3.027790250789691 0
3.163833998242967 3.030519550481173 0
3.179446950215374 3.033518272007449 0
3.085023400503752 3.006220548551591 0
3.091117654065736 3.007531542841003 0
3.098362603634056 3.008651350902799 0
3.106720262672882 3.009703551631402 0
3.116184609652009 3.010751301437562 0
3.126781161226517 3.011833074936451 0
3.138560562847847 3.012975895012068 0
3.151593296649719 3.014200664561693 0
3.165965975560729 3.015524080295196 0
3.181778522042165 3.016958698860511 0
3.080045345872371 2.997676502133325 0
3.077125572160921 2.993058399621562 0
3.073536996303609 2.987716469347419 0
3.069401764086356 2.981956362962161 0
3.064792590953458 2.975969517466264 0
3.059765075165 2.969892946436613 0
3.054371055319788 2.963833991906062 0
3.048664589148216 2.957881351554464 0
3.042705197414478 2.952110659792725 0
3.036560243743506 2.946587739553784 0
3.030307407625506 2.941370889567265 0
3.0240381039074 2.93651304818784 0
3.017863238744684 2.932064744036985 0
3.011923330121301 2.928079941484884 0
3.006415358041256 2.924627435518552 0
3.001652272162568 2.921820198791775 0
2.919435815953153 3.00082048548221 0
2.922170382172578 2.996098267184109 0
2.925546490394915 2.990624328512029 0
2.929454126572509 2.984708622507338 0
2.933827891591256 2.978545687083467 0
2.938617209161414 2.972275335469777 0
2.943774012206521 2.966007684562288 0
2.949247120267681 2.959834241173012 0
2.954979354330904 2.953833417816134 0
2.960905504990851 2.948073765363313 0
2.966950105115879 2.942616362989918 0
2.973025649331787 2.937517366137393 0
2.979024215153757 2.932831123579956 0
2.98480659085531 2.928616132331709 0
2.99017748820484 2.924948684449577 0
2.994825092635607 2.921956165275899 0
2.998117858138178 2.91588284612245 0
2.99799926321196 2.910057228858323 0
2.997850244947259 2.902845376529912 0
2.997672188827243 2.894420820988956 0
2.997462863684222 2.884831431522314 0
2.997216735911146 2.874063467332656 0
2.996925075115285 2.862067540158015 0
2.996574003572792 2.848769719055922 0
2.996142964342115 2.834077324654579 0
2.995602573373287 2.817882384150783 0
2.919629261043139 3.007543688968968 0
2.922619499283744 3.012088609426457 0
2.92627807545863 3.017338527180699 0
2.930474829867422 3.022991767114681 0
2.935132027898934 3.028860346567403 0
2.940190910083873 3.034810684589496 0
2.945597848030324 3.040738916648298 0
2.951298057502432 3.046559777790648 0
2.957232094069397 3.052200911583483 0
2.963333276343282 3.057599537091635 0
2.969525283211367 3.062700075858734 0
2.975718806878202 3.067451850515519 0
2.981805784815909 3.071805851743853 0
2.987648547234274 3.075708214985387 0
2.993051641093093 3.079087129069065 0
2.997740660922268 3.081864811643428 0
2.913611809199592 3.004358817927093 0
2.907868495127387 3.00453770700193 0
2.900762539197639 3.004770441227585 0
2.892468727048169 3.005059394776226 0
2.883038512388628 3.005413465867011 0
2.872463554830467 3.00584792615443 0
2.860701612173029 3.006386321024063 0
2.847688160386598 3.007064529806622 0
2.833342844457325 3.007938710107815 0
2.817574692681736 3.009104323612521 0
3.086016936421138 3.000989469514548 0
3.091778087894754 3.000935759311942 0
3.098907665419557 3.0008732660776 0
3.107231398584222 3.000805617257883 0
3.116698937877731 3.000735037065698 0
3.127320275003591 3.000662676719103 0
3.139139988882544 3.000588098257207 0
3.152225944038624 3.000507626350993 0
3.166663476064214 3.000410320126829 0
3.182551640634611 3.000267506989609 0
3.004457449496866 3.08175403383901 0
3.009044421402026 3.078829153639766 0
3.014352099932225 3.075252279090823 0
3.020077556018497 3.071140484987471 0
3.02603036310542 3.066566517786449 0
3.0320745061101 3.061586828140546 0
3.038104935788059 3.056254007303804 0
3.044033710386985 3.050621795190145 0
3.049785768213357 3.044748686385744 0
3.055295803458923 3.038700353819025 0
3.060506016433032 3.032552106649768 0
3.065363897542302 3.026392302511936 0
3.069819119686857 3.020328085511328 0
3.073817518233342 3.014496693228301 0
3.077288180917721 3.009090632163263 0
3.080112408756054 3.004418246998719 0
3.001199100088175 3.087712003636569 0
3.001295693736219 3.093429842945234 0
3.001413653806748 3.100496988335505 0
3.001548827410325 3.108737267337511 0
3.001699032963179 3.118097548789974 0
3.00186349988207 3.128583983775997 0
3.002041840326895 3.140236516769752 0
3.00223392651398 3.153117456609881 0
3.002439747685009 3.167305639198821 0
3.002660104923546 3.182892612236398 0
2.91755851427948 3.004241073086096 0
3.001132681034858 3.083776716861989 0
3.082058766748987 3.001028018631689 0
2.99819850972307 2.919887058153531 0
$EndNodes
$Elements
2 1547 1 1547
2 1 3 510
1 244 162 102 556 
2 593 510 449 243 
3 375 290 267 350 
4 306 74 141 508 
5 277 497 496 471 
6 301 403 197 254 
7 199 511 581 546 
8 335 11 45 443 
9 393 225 318 388 
10 437 555 262 526 
11 334 396 8 48 
12 177 255 310 287 
13 397 545 1 21 
14 458 414 574 536 
15 575 411 257 458 
16 351 308 233 550 
17 590 220 40 17 
18 565 367 464 541 
19 418 177 413 341 
20 468 561 532 204 
21 587 210 211 469 
22 317 482 572 573 
23 441 253 561 468 
24 394 272 437 502 
25 305 554 138 76 
26 503 452 135 79 
27 224 261 270 339 
28 568 202 213 362 
29 238 30 60 504 
30 362 324 237 476 
31 444 238 504 378 
32 376 507 495 493 
33 568 362 476 447 
34 322 328 264 293 
35 292 322 293 265 
36 325 215 377 202 
37 376 493 552 218 
38 327 376 218 291 
39 330 292 265 325 
40 294 134 80 181 
41 451 567 272 394 
42 296 451 394 334 
43 455 442 184 224 
44 241 106 159 557 
45 416 237 324 240 
46 506 465 166 98 
47 424 158 106 241 
48 372 389 387 333 
49 225 579 174 318 
50 261 438 491 270 
51 333 387 564 579 
52 175 370 528 172 
53 407 219 127 87 
54 341 413 307 370 
55 542 313 575 258 
56 248 416 240 415 
57 350 267 288 463 
58 336 415 374 273 
59 425 64 27 248 
60 278 563 143 71 
61 198 252 403 301 
62 431 348 533 534 
63 182 142 72 434 
64 352 230 256 459 
65 408 500 281 245 
66 374 345 337 239 
67 311 419 94 121 
68 454 340 180 540 
69 453 503 79 136 
70 356 354 129 85 
71 355 223 354 356 
72 359 302 357 512 
73 496 140 74 306 
74 511 436 12 53 
75 512 357 145 119 
76 445 478 477 360 
77 325 265 216 215 
78 330 323 238 444 
79 504 60 31 331 
80 404 433 232 231 
81 222 307 407 312 
82 171 18 38 406 
83 289 409 343 594 
84 249 24 66 426 
85 590 226 542 475 
86 369 565 541 456 
87 391 229 175 309 
88 545 236 29 1 
89 505 474 90 125 
90 249 426 583 398 
91 392 228 285 367 
92 302 304 543 357 
93 189 576 525 186 
94 296 334 48 9 
95 371 10 46 187 
96 248 27 63 416 
97 460 566 400 423 
98 557 159 105 353 
99 273 374 239 242 
100 447 476 62 20 
101 377 215 361 326 
102 323 447 20 61 
103 331 31 59 507 
104 276 379 513 440 
105 543 283 144 83 
106 203 200 348 431 
107 197 359 544 200 
108 173 385 386 383 
109 383 386 384 172 
110 386 14 42 384 
111 385 43 14 386 
112 567 185 319 272 
113 387 389 385 173 
114 389 13 43 385 
115 348 381 250 533 
116 390 505 125 89 
117 413 177 287 219 
118 219 287 88 127 
119 226 171 313 542 
120 591 186 503 453 
121 198 301 524 436 
122 356 85 130 539 
123 318 395 488 388 
124 235 279 227 410 
125 399 448 429 365 
126 578 269 168 96 
127 535 463 364 406 
128 347 402 304 252 
129 497 75 140 496 
130 402 380 278 283 
131 282 486 146 118 
132 589 176 505 390 
133 366 260 170 549 
134 370 307 222 528 
135 363 104 161 400 
136 594 343 329 465 
137 408 65 26 500 
138 275 594 465 506 
139 584 344 352 290 
140 409 100 165 343 
141 255 589 390 310 
142 392 258 536 228 
143 169 247 584 268 
144 423 103 162 244 
145 290 352 459 267 
146 239 241 557 242 
147 368 123 91 260 
148 257 311 414 458 
149 286 418 341 229 
150 310 390 89 126 
151 404 68 23 433 
152 583 427 593 274 
153 429 275 506 432 
154 236 553 37 29 
155 580 160 104 363 
156 227 462 244 556 
157 415 240 345 374 
158 463 288 411 364 
159 245 281 246 510 
160 280 457 460 462 
161 243 449 580 363 
162 353 105 160 580 
163 200 544 381 348 
164 207 209 472 522 
165 470 212 56 35 
166 247 558 344 584 
167 422 269 578 558 
168 548 266 424 337 
169 523 208 284 195 
170 252 304 302 403 
171 347 440 380 402 
172 434 72 143 563 
173 184 454 540 450 
174 540 517 487 450 
175 199 198 436 511 
176 555 319 332 271 
177 482 587 469 572 
178 588 534 533 314 
179 524 194 36 54 
180 546 581 466 196 
181 396 502 191 586 
182 489 262 554 305 
183 487 82 133 438 
184 539 130 84 395 
185 213 577 548 585 
186 330 568 447 323 
187 292 571 214 322 
188 378 504 331 327 
189 420 25 65 408 
190 558 578 299 344 
191 236 375 350 553 
192 308 570 300 233 
193 443 320 321 516 
194 335 443 516 188 
195 187 335 188 490 
196 537 591 185 567 
197 321 333 579 225 
198 554 271 77 138 
199 525 295 181 452 
200 263 294 181 295 
201 456 541 176 589 
202 412 92 123 368 
203 285 368 260 366 
204 367 285 366 464 
205 410 227 556 531 
206 461 22 68 404 
207 233 300 409 289 
208 365 178 269 422 
209 313 364 411 575 
210 590 17 39 226 
211 530 351 550 297 
212 530 231 235 351 
213 311 121 93 414 
214 342 255 177 418 
215 417 399 234 551 
216 414 93 122 574 
217 299 578 96 2 
218 545 268 375 236 
219 234 422 558 247 
220 457 274 566 460 
221 314 533 250 205 
222 314 205 484 519 
223 519 484 467 210 
224 560 34 56 212 
225 358 470 35 55 
226 192 523 195 401 
227 513 434 563 346 
228 254 203 358 194 
229 268 584 290 375 
230 461 404 231 530 
231 535 406 38 19 
232 461 428 69 22 
233 361 569 109 156 
234 330 444 571 292 
235 291 218 217 445 
236 500 26 64 425 
237 444 378 446 571 
238 569 479 155 109 
239 448 421 275 429 
240 477 153 111 480 
241 251 147 117 483 
242 468 204 494 315 
243 303 148 116 520 
244 201 317 573 316 
245 199 546 207 276 
246 203 431 470 358 
247 381 544 486 282 
248 544 359 512 486 
249 592 47 10 371 
250 396 586 49 8 
251 522 473 182 379 
252 179 339 576 189 
253 442 490 454 184 
254 592 296 9 47 
255 320 3 44 372 
256 439 70 132 517 
257 490 188 340 454 
258 271 332 137 77 
259 455 224 339 179 
260 586 191 492 183 
261 571 446 360 214 
262 493 495 494 204 
263 495 32 58 494 
264 480 111 154 328 
265 305 76 139 349 
266 196 466 193 435 
267 523 521 582 208 
268 440 513 346 380 
269 201 316 499 498 
270 362 213 585 324 
271 326 361 156 95 
272 316 151 113 499 
273 531 163 101 570 
274 365 429 432 178 
275 337 424 241 239 
276 266 107 158 424 
277 579 564 355 174 
278 224 184 450 261 
279 502 437 526 191 
280 395 84 131 488 
281 218 552 498 217 
282 498 499 481 217 
283 330 325 202 568 
284 221 342 418 286 
285 541 464 405 176 
286 171 406 364 313 
287 428 551 169 397 
288 231 232 279 235 
289 433 23 67 338 
290 279 280 462 227 
291 323 61 30 238 
292 293 264 479 559 
293 327 331 507 376 
294 507 59 32 495 
295 276 207 522 379 
296 588 560 212 534 
297 284 538 489 430 
298 518 315 33 57 
299 500 425 336 281 
300 433 338 298 232 
301 399 365 422 234 
302 345 585 548 337 
303 206 519 210 587 
304 511 53 4 581 
305 283 278 71 144 
306 521 6 50 582 
307 208 492 538 284 
308 251 282 118 147 
309 435 193 485 192 
310 128 86 515 312 
311 312 515 514 222 
312 515 354 223 514 
313 86 129 354 515 
314 517 132 82 487 
315 586 183 7 49 
316 340 393 388 180 
317 332 373 78 137 
318 588 441 518 560 
319 484 303 520 467 
320 561 317 201 532 
321 210 467 520 211 
322 253 482 317 561 
323 572 469 115 150 
324 211 520 116 149 
325 431 534 212 470 
326 301 254 194 524 
327 209 562 382 472 
328 192 485 521 523 
329 349 139 75 497 
330 488 131 70 439 
331 592 455 179 190 
332 576 263 295 525 
333 319 185 373 332 
334 173 383 529 527 
335 527 529 514 223 
336 529 528 222 514 
337 383 172 528 529 
338 417 297 448 399 
339 416 63 28 237 
340 510 246 509 449 
341 426 66 25 420 
342 560 518 57 34 
343 199 347 252 198 
344 485 51 6 521 
345 441 468 315 518 
346 220 221 286 259 
347 259 391 41 16 
348 574 122 92 412 
349 405 549 170 474 
350 372 44 13 389 
351 188 516 393 340 
352 186 525 452 503 
353 174 539 395 318 
354 185 591 453 373 
355 191 526 538 492 
356 180 439 517 540 
357 355 356 539 174 
358 475 542 258 392 
359 536 574 412 228 
360 309 175 172 384 
361 287 310 126 88 
362 508 141 73 473 
363 582 50 7 183 
364 472 508 473 522 
365 250 381 282 251 
366 570 101 164 300 
367 178 432 167 97 
368 553 535 19 37 
369 344 299 230 352 
370 489 305 349 430 
371 357 543 83 145 
372 196 435 562 209 
373 379 182 434 513 
374 265 293 559 216 
375 547 326 95 157 
376 266 547 157 107 
377 217 481 478 445 
378 259 286 229 391 
379 176 405 474 505 
380 228 412 368 285 
381 391 309 15 41 
382 459 256 419 501 
383 288 501 257 411 
384 230 299 2 108 
385 343 165 99 329 
386 264 110 155 479 
387 498 552 532 201 
388 552 493 204 532 
389 446 291 445 360 
390 312 407 87 128 
391 566 243 363 400 
392 351 235 410 308 
393 590 475 565 369 
394 592 371 442 455 
395 339 270 263 576 
396 450 487 438 261 
397 270 491 294 263 
398 371 187 490 442 
399 537 189 186 591 
400 187 46 11 335 
401 246 273 242 509 
402 267 459 501 288 
403 427 245 510 593 
404 397 169 268 545 
405 432 506 98 167 
406 281 336 273 246 
407 425 248 415 336 
408 420 408 245 427 
409 338 249 398 298 
410 328 154 110 264 
411 215 216 569 361 
412 216 559 479 569 
413 380 346 563 278 
414 546 196 209 207 
415 486 512 119 146 
416 254 197 200 203 
417 205 483 303 484 
418 469 211 149 115 
419 199 276 440 347 
420 588 314 519 206 
421 573 572 150 114 
422 581 4 52 466 
423 471 496 306 382 
424 304 402 283 543 
425 382 306 508 472 
426 194 358 55 36 
427 401 195 277 471 
428 315 494 58 33 
429 388 488 439 180 
430 355 564 527 223 
431 564 387 173 527 
432 436 524 54 12 
433 474 170 124 90 
434 553 350 463 535 
435 300 164 100 409 
436 256 230 108 120 
437 456 589 255 342 
438 220 259 16 40 
439 461 530 297 417 
440 526 262 489 538 
441 320 372 333 321 
442 452 181 80 135 
443 491 81 134 294 
444 550 233 289 421 
445 240 324 585 345 
446 274 593 243 566 
447 232 298 280 279 
448 577 377 326 547 
449 499 113 152 481 
450 548 577 547 266 
451 551 234 247 169 
452 400 161 103 423 
453 421 289 594 275 
454 509 353 580 449 
455 501 419 311 257 
456 476 237 28 62 
457 202 377 577 213 
458 481 152 112 478 
459 316 573 114 151 
460 430 349 497 277 
461 466 52 5 193 
462 483 117 148 303 
463 250 251 483 205 
464 562 401 471 382 
465 307 413 219 407 
466 298 398 457 280 
467 226 39 18 171 
468 229 341 370 175 
469 258 575 458 536 
470 464 366 549 405 
471 272 319 555 437 
472 334 394 502 396 
473 373 453 136 78 
474 360 477 480 214 
475 378 327 291 446 
476 242 557 353 509 
477 465 329 99 166 
478 190 179 189 537 
479 516 321 225 393 
480 426 420 427 583 
481 338 67 24 249 
482 403 302 359 197 
483 193 5 51 485 
484 195 284 430 277 
485 428 397 21 69 
486 398 583 274 457 
487 297 550 421 448 
488 435 192 401 562 
489 208 582 183 492 
490 473 73 142 182 
491 309 384 42 15 
492 260 91 124 170 
493 475 392 367 565 
494 462 460 423 244 
495 419 256 120 94 
496 461 417 551 428 
497 478 112 153 477 
498 214 480 328 322 
499 308 410 531 570 
500 262 555 271 554 
501 443 45 3 320 
502 438 133 81 491 
503 206 587 482 253 
504 588 206 253 441 
505 369 456 342 221 
506 590 369 221 220 
507 190 537 567 451 
508 592 190 451 296 
509 269 178 97 168 
510 556 102 163 531 
2 2 3 1037
511 603 619 620 604 
512 604 620 621 605 
513 605 621 622 606 
514 606 622 623 607 
515 607 623 624 608 
516 608 624 625 609 
517 609 625 626 610 
518 610 626 627 611 
519 611 627 1530 1531 
520 1566 1565 628 612 
521 612 628 629 613 
522 613 629 630 614 
523 614 630 631 615 
524 615 631 632 616 
525 616 632 633 617 
526 617 633 634 618 
527 618 634 635 619 
528 619 635 636 620 
529 620 636 637 621 
530 621 637 638 622 
531 622 638 639 623 
532 623 639 640 624 
533 624 640 641 625 
534 625 641 642 626 
535 626 642 643 627 
536 627 643 1529 1530 
537 1565 1564 644 628 
538 628 644 645 629 
539 629 645 646 630 
540 630 646 647 631 
541 631 647 648 632 
542 632 648 649 633 
543 633 649 650 634 
544 634 650 651 635 
545 635 651 652 636 
546 636 652 653 637 
547 637 653 654 638 
548 638 654 655 639 
549 639 655 656 640 
550 640 656 657 641 
551 641 657 658 642 
552 642 658 659 643 
553 643 659 1528 1529 
554 1564 1563 660 644 
555 644 660 661 645 
556 645 661 662 646 
557 646 662 663 647 
558 647 663 664 648 
559 648 664 665 649 
560 649 665 666 650 
561 650 666 667 651 
562 651 667 668 652 
563 652 668 669 653 
564 653 669 670 654 
565 654 670 671 655 
566 655 671 672 656 
567 656 672 673 657 
568 657 673 674 658 
569 658 674 675 659 
570 659 675 1527 1528 
571 1563 1562 676 660 
572 660 676 677 661 
573 661 677 678 662 
574 662 678 679 663 
575 663 679 680 664 
576 664 680 681 665 
577 665 681 682 666 
578 666 682 683 667 
579 667 683 684 668 
580 668 684 685 669 
581 669 685 686 670 
582 670 686 687 671 
583 671 687 688 672 
584 672 688 689 673 
585 673 689 690 674 
586 674 690 691 675 
587 675 691 1526 1527 
588 1562 1561 692 676 
589 676 692 693 677 
590 677 693 694 678 
591 678 694 695 679 
592 679 695 696 680 
593 680 696 697 681 
594 681 697 698 682 
595 682 698 699 683 
596 683 699 700 684 
597 684 700 701 685 
598 685 701 702 686 
599 686 702 703 687 
600 687 703 704 688 
601 688 704 705 689 
602 689 705 706 690 
603 690 706 707 691 
604 691 707 1525 1526 
605 1561 1560 708 692 
606 692 708 709 693 
607 693 709 710 694 
608 694 710 711 695 
609 695 711 712 696 
610 696 712 713 697 
611 697 713 714 698 
612 698 714 715 699 
613 699 715 716 700 
614 700 716 717 701 
615 701 717 718 702 
616 702 718 719 703 
617 703 719 720 704 
618 704 720 721 705 
619 705 721 722 706 
620 706 722 723 707 
621 707 723 1524 1525 
622 1560 1559 724 708 
623 708 724 725 709 
624 709 725 726 710 
625 710 726 727 711 
626 711 727 728 712 
627 712 728 729 713 
628 713 729 730 714 
629 714 730 731 715 
630 715 731 732 716 
631 716 732 733 717 
632 717 733 734 718 
633 718 734 735 719 
634 719 735 736 720 
635 720 736 737 721 
636 721 737 738 722 
637 722 738 739 723 
638 723 739 1523 1524 
639 1559 1597 1491 724 
640 724 1491 1492 725 
641 725 1492 1493 726 
642 726 1493 1494 727 
643 727 1494 1495 728 
644 728 1495 1496 729 
645 729 1496 1497 730 
646 730 1497 1498 731 
647 731 1498 1499 732 
648 732 1499 1500 733 
649 733 1500 1501 734 
650 734 1501 1502 735 
651 735 1502 1503 736 
652 736 1503 1504 737 
653 737 1504 1505 738 
654 738 1505 1506 739 
655 739 1506 1598 1523 
656 1598 1506 740 1522 
657 1522 740 741 1521 
658 1521 741 742 1520 
659 1520 742 743 1519 
660 1519 743 744 1518 
661 1518 744 745 1517 
662 1517 745 746 1516 
663 1516 746 747 1515 
664 1515 747 748 1514 
665 1514 748 749 1513 
666 1513 749 750 1512 
667 1512 750 751 1511 
668 1511 751 752 1510 
669 1510 752 753 1509 
670 1509 753 754 1508 
671 1508 754 755 1507 
672 1507 755 1533 1595 
673 1506 1505 756 740 
674 740 756 757 741 
675 741 757 758 742 
676 742 758 759 743 
677 743 759 760 744 
678 744 760 761 745 
679 745 761 762 746 
680 746 762 763 747 
681 747 763 764 748 
682 748 764 765 749 
683 749 765 766 750 
684 750 766 767 751 
685 751 767 768 752 
686 752 768 769 753 
687 753 769 770 754 
688 754 770 771 755 
689 755 771 1534 1533 
690 1505 1504 772 756 
691 756 772 773 757 
692 757 773 774 758 
693 758 774 775 759 
694 759 775 776 760 
695 760 776 777 761 
696 761 777 778 762 
697 762 778 779 763 
698 763 779 780 764 
699 764 780 781 765 
700 765 781 782 766 
701 766 782 783 767 
702 767 783 784 768 
703 768 784 785 769 
704 769 785 786 770 
705 770 786 787 771 
706 771 787 1535 1534 
707 1504 1503 788 772 
708 772 788 789 773 
709 773 789 790 774 
710 774 790 791 775 
711 775 791 792 776 
712 776 792 793 777 
713 777 793 794 778 
714 778 794 795 779 
715 779 795 796 780 
716 780 796 797 781 
717 781 797 798 782 
718 782 798 799 783 
719 783 799 800 784 
720 784 800 801 785 
721 785 801 802 786 
722 786 802 803 787 
723 787 803 1536 1535 
724 1503 1502 804 788 
725 788 804 805 789 
726 789 805 806 790 
727 790 806 807 791 
728 791 807 808 792 
729 792 808 809 793 
730 793 809 810 794 
731 794 810 811 795 
732 795 811 812 796 
733 796 812 813 797 
734 797 813 814 798 
735 798 814 815 799 
736 799 815 816 800 
737 800 816 817 801 
738 801 817 818 802 
739 802 818 819 803 
740 803 819 1537 1536 
741 1502 1501 820 804 
742 804 820 821 805 
743 805 821 822 806 
744 806 822 823 807 
745 807 823 824 808 
746 808 824 825 809 
747 809 825 826 810 
748 810 826 827 811 
749 811 827 828 812 
750 812 828 829 813 
751 813 829 830 814 
752 814 830 831 815 
753 815 831 832 816 
754 816 832 833 817 
755 817 833 834 818 
756 818 834 835 819 
757 819 835 1538 1537 
758 1501 1500 836 820 
759 820 836 837 821 
760 821 837 838 822 
761 822 838 839 823 
762 823 839 840 824 
763 824 840 841 825 
764 825 841 842 826 
765 826 842 843 827 
766 827 843 844 828 
767 828 844 845 829 
768 829 845 846 830 
769 830 846 847 831 
770 831 847 848 832 
771 832 848 849 833 
772 833 849 850 834 
773 834 850 851 835 
774 835 851 1539 1538 
775 1500 1499 852 836 
776 836 852 853 837 
777 837 853 854 838 
778 838 854 855 839 
779 839 855 856 840 
780 840 856 857 841 
781 841 857 858 842 
782 842 858 859 843 
783 843 859 860 844 
784 844 860 861 845 
785 845 861 862 846 
786 846 862 863 847 
787 847 863 864 848 
788 848 864 865 849 
789 849 865 866 850 
790 850 866 867 851 
791 851 867 1540 1539 
792 1499 1498 868 852 
793 852 868 869 853 
794 853 869 870 854 
795 854 870 871 855 
796 855 871 872 856 
797 856 872 873 857 
798 857 873 874 858 
799 858 874 875 859 
800 859 875 876 860 
801 860 876 877 861 
802 861 877 878 862 
803 862 878 879 863 
804 863 879 880 864 
805 864 880 881 865 
806 865 881 882 866 
807 866 882 883 867 
808 867 883 1541 1540 
809 1498 1497 884 868 
810 868 884 885 869 
811 869 885 886 870 
812 870 886 887 871 
813 871 887 888 872 
814 872 888 889 873 
815 873 889 890 874 
816 874 890 891 875 
817 875 891 892 876 
818 876 892 893 877 
819 877 893 894 878 
820 878 894 895 879 
821 879 895 896 880 
822 880 896 897 881 
823 881 897 898 882 
824 882 898 899 883 
825 883 899 1542 1541 
826 1497 1496 900 884 
827 884 900 901 885 
828 885 901 902 886 
829 886 902 903 887 
830 887 903 904 888 
831 888 904 905 889 
832 889 905 906 890 
833 890 906 907 891 
834 891 907 908 892 
835 892 908 909 893 
836 893 909 910 894 
837 894 910 911 895 
838 895 911 912 896 
839 896 912 913 897 
840 897 913 914 898 
841 898 914 915 899 
842 899 915 1543 1542 
843 1496 1495 916 900 
844 900 916 917 901 
845 901 917 918 902 
846 902 918 919 903 
847 903 919 920 904 
848 904 920 921 905 
849 905 921 922 906 
850 906 922 923 907 
851 907 923 924 908 
852 908 924 925 909 
853 909 925 926 910 
854 910 926 927 911 
855 911 927 928 912 
856 912 928 929 913 
857 913 929 930 914 
858 914 930 931 915 
859 915 931 1544 1543 
860 1495 1494 932 916 
861 916 932 933 917 
862 917 933 934 918 
863 918 934 935 919 
864 919 935 936 920 
865 920 936 937 921 
866 921 937 938 922 
867 922 938 939 923 
868 923 939 940 924 
869 924 940 941 925 
870 925 941 942 926 
871 926 942 943 927 
872 927 943 944 928 
873 928 944 945 929 
874 929 945 946 930 
875 930 946 947 931 
876 931 947 1545 1544 
877 1494 1493 948 932 
878 932 948 949 933 
879 933 949 950 934 
880 934 950 951 935 
881 935 951 952 936 
882 936 952 953 937 
883 937 953 954 938 
884 938 954 955 939 
885 939 955 956 940 
886 940 956 957 941 
887 941 957 958 942 
888 942 958 959 943 
889 943 959 960 944 
890 944 960 961 945 
891 945 961 962 946 
892 946 962 963 947 
893 947 963 1546 1545 
894 1493 1492 964 948 
895 948 964 965 949 
896 949 965 966 950 
897 950 966 967 951 
898 951 967 968 952 
899 952 968 969 953 
900 953 969 970 954 
901 954 970 971 955 
902 955 971 972 956 
903 956 972 973 957 
904 957 973 974 958 
905 958 974 975 959 
906 959 975 976 960 
907 960 976 977 961 
908 961 977 978 962 
909 962 978 979 963 
910 963 979 1547 1546 
911 1492 1491 980 964 
912 964 980 981 965 
913 965 981 982 966 
914 966 982 983 967 
915 967 983 984 968 
916 968 984 985 969 
917 969 985 986 970 
918 970 986 987 971 
919 971 987 988 972 
920 972 988 989 973 
921 973 989 990 974 
922 974 990 991 975 
923 975 991 992 976 
924 976 992 993 977 
925 977 993 994 978 
926 978 994 995 979 
927 979 995 1548 1547 
928 1491 1597 1584 980 
929 980 1584 1583 981 
930 981 1583 1582 982 
931 982 1582 1581 983 
932 983 1581 1580 984 
933 984 1580 1579 985 
934 985 1579 1578 986 
935 986 1578 1577 987 
936 987 1577 1576 988 
937 988 1576 1575 989 
938 989 1575 1574 990 
939 990 1574 1573 991 
940 991 1573 1572 992 
941 992 1572 1571 993 
942 993 1571 1570 994 
943 994 1570 1569 995 
944 995 1569 1596 1548 
945 602 618 619 603 
946 601 617 618 602 
947 600 616 617 601 
948 599 615 616 600 
949 598 614 615 599 
950 597 613 614 598 
951 596 612 613 597 
952 1567 1566 612 596 
953 595 611 1531 1532 
954 996 610 611 595 
955 997 609 610 996 
956 998 608 609 997 
957 999 607 608 998 
958 1000 606 607 999 
959 1001 605 606 1000 
960 1002 604 605 1001 
961 1003 603 604 1002 
962 1004 602 603 1003 
963 1005 601 602 1004 
964 1006 600 601 1005 
965 1007 599 600 1006 
966 1008 598 599 1007 
967 1009 597 598 1008 
968 1010 596 597 1009 
969 1568 1567 596 1010 
970 62 595 1532 20 
971 28 996 595 62 
972 63 997 996 28 
973 27 998 997 63 
974 64 999 998 27 
975 26 1000 999 64 
976 65 1001 1000 26 
977 25 1002 1001 65 
978 66 1003 1002 25 
979 24 1004 1003 66 
980 67 1005 1004 24 
981 23 1006 1005 67 
982 68 1007 1006 23 
983 22 1008 1007 68 
984 69 1009 1008 22 
985 21 1010 1009 69 
986 1 1568 1010 21 
987 1011 1523 1598 1522 
988 1012 1524 1523 1011 
989 1013 1525 1524 1012 
990 1014 1526 1525 1013 
991 1015 1527 1526 1014 
992 1016 1528 1527 1015 
993 1017 1529 1528 1016 
994 1018 1530 1529 1017 
995 1019 1531 1530 1018 
996 1020 1532 1531 1019 
997 61 20 1532 1020 
998 1021 1011 1522 1521 
999 1022 1012 1011 1021 
1000 1023 1013 1012 1022 
1001 1024 1014 1013 1023 
1002 1025 1015 1014 1024 
1003 1026 1016 1015 1025 
1004 1027 1017 1016 1026 
1005 1028 1018 1017 1027 
1006 1029 1019 1018 1028 
1007 1030 1020 1019 1029 
1008 30 61 1020 1030 
1009 1031 1021 1521 1520 
1010 1032 1022 1021 1031 
1011 1033 1023 1022 1032 
1012 1034 1024 1023 1033 
1013 1035 1025 1024 1034 
1014 1036 1026 1025 1035 
1015 1037 1027 1026 1036 
1016 1038 1028 1027 1037 
1017 1039 1029 1028 1038 
1018 1040 1030 1029 1039 
1019 60 30 1030 1040 
1020 1041 1031 1520 1519 
1021 1042 1032 1031 1041 
1022 1043 1033 1032 1042 
1023 1044 1034 1033 1043 
1024 1045 1035 1034 1044 
1025 1046 1036 1035 1045 
1026 1047 1037 1036 1046 
1027 1048 1038 1037 1047 
1028 1049 1039 1038 1048 
1029 1050 1040 1039 1049 
1030 31 60 1040 1050 
1031 1051 1041 1519 1518 
1032 1052 1042 1041 1051 
1033 1053 1043 1042 1052 
1034 1054 1044 1043 1053 
1035 1055 1045 1044 1054 
1036 1056 1046 1045 1055 
1037 1057 1047 1046 1056 
1038 1058 1048 1047 1057 
1039 1059 1049 1048 1058 
1040 1060 1050 1049 1059 
1041 59 31 1050 1060 
1042 1061 1051 1518 1517 
1043 1062 1052 1051 1061 
1044 1063 1053 1052 1062 
1045 1064 1054 1053 1063 
1046 1065 1055 1054 1064 
1047 1066 1056 1055 1065 
1048 1067 1057 1056 1066 
1049 1068 1058 1057 1067 
1050 1069 1059 1058 1068 
1051 1070 1060 1059 1069 
1052 32 59 1060 1070 
1053 1071 1061 1517 1516 
1054 1072 1062 1061 1071 
1055 1073 1063 1062 1072 
1056 1074 1064 1063 1073 
1057 1075 1065 1064 1074 
1058 1076 1066 1065 1075 
1059 1077 1067 1066 1076 
1060 1078 1068 1067 1077 
1061 1079 1069 1068 1078 
1062 1080 1070 1069 1079 
1063 58 32 1070 1080 
1064 1081 1071 1516 1515 
1065 1082 1072 1071 1081 
1066 1083 1073 1072 1082 
1067 1084 1074 1073 1083 
1068 1085 1075 1074 1084 
1069 1086 1076 1075 1085 
1070 1087 1077 1076 1086 
1071 1088 1078 1077 1087 
1072 1089 1079 1078 1088 
1073 1090 1080 1079 1089 
1074 33 58 1080 1090 
1075 1091 1081 1515 1514 
1076 1092 1082 1081 1091 
1077 1093 1083 1082 1092 
1078 1094 1084 1083 1093 
1079 1095 1085 1084 1094 
1080 1096 1086 1085 1095 
1081 1097 1087 1086 1096 
1082 1098 1088 1087 1097 
1083 1099 1089 1088 1098 
1084 1100 1090 1089 1099 
1085 57 33 1090 1100 
1086 1101 1091 1514 1513 
1087 1102 1092 1091 1101 
1088 1103 1093 1092 1102 
1089 1104 1094 1093 1103 
1090 1105 1095 1094 1104 
1091 1106 1096 1095 1105 
1092 1107 1097 1096 1106 
1093 1108 1098 1097 1107 
1094 1109 1099 1098 1108 
1095 1110 1100 1099 1109 
1096 34 57 1100 1110 
1097 1111 1101 1513 1512 
1098 1112 1102 1101 1111 
1099 1113 1103 1102 1112 
1100 1114 1104 1103 1113 
1101 1115 1105 1104 1114 
1102 1116 1106 1105 1115 
1103 1117 1107 1106 1116 
1104 1118 1108 1107 1117 
1105 1119 1109 1108 1118 
1106 1120 1110 1109 1119 
1107 56 34 1110 1120 
1108 1121 1111 1512 1511 
1109 1122 1112 1111 1121 
1110 1123 1113 1112 1122 
1111 1124 1114 1113 1123 
1112 1125 1115 1114 1124 
1113 1126 1116 1115 1125 
1114 1127 1117 1116 1126 
1115 1128 1118 1117 1127 
1116 1129 1119 1118 1128 
1117 1130 1120 1119 1129 
1118 35 56 1120 1130 
1119 1131 1121 1511 1510 
1120 1132 1122 1121 1131 
1121 1133 1123 1122 1132 
1122 1134 1124 1123 1133 
1123 1135 1125 1124 1134 
1124 1136 1126 1125 1135 
1125 1137 1127 1126 1136 
1126 1138 1128 1127 1137 
1127 1139 1129 1128 1138 
1128 1140 1130 1129 1139 
1129 55 35 1130 1140 
1130 1141 1131 1510 1509 
1131 1142 1132 1131 1141 
1132 1143 1133 1132 1142 
1133 1144 1134 1133 1143 
1134 1145 1135 1134 1144 
1135 1146 1136 1135 1145 
1136 1147 1137 1136 1146 
1137 1148 1138 1137 1147 
1138 1149 1139 1138 1148 
1139 1150 1140 1139 1149 
1140 36 55 1140 1150 
1141 1151 1141 1509 1508 
1142 1152 1142 1141 1151 
1143 1153 1143 1142 1152 
1144 1154 1144 1143 1153 
1145 1155 1145 1144 1154 
1146 1156 1146 1145 1155 
1147 1157 1147 1146 1156 
1148 1158 1148 1147 1157 
1149 1159 1149 1148 1158 
1150 1160 1150 1149 1159 
1151 54 36 1150 1160 
1152 1161 1151 1508 1507 
1153 1162 1152 1151 1161 
1154 1163 1153 1152 1162 
1155 1164 1154 1153 1163 
1156 1165 1155 1154 1164 
1157 1166 1156 1155 1165 
1158 1167 1157 1156 1166 
1159 1168 1158 1157 1167 
1160 1169 1159 1158 1168 
1161 1170 1160 1159 1169 
1162 12 54 1160 1170 
1163 1549 1161 1507 1595 
1164 1550 1162 1161 1549 
1165 1551 1163 1162 1550 
1166 1552 1164 1163 1551 
1167 1553 1165 1164 1552 
1168 1554 1166 1165 1553 
1169 1555 1167 1166 1554 
1170 1556 1168 1167 1555 
1171 1557 1169 1168 1556 
1172 1558 1170 1169 1557 
1173 53 12 1170 1558 
1174 1171 1549 1595 1533 
1175 1172 1550 1549 1171 
1176 1173 1551 1550 1172 
1177 1174 1552 1551 1173 
1178 1175 1553 1552 1174 
1179 1176 1554 1553 1175 
1180 1177 1555 1554 1176 
1181 1178 1556 1555 1177 
1182 1179 1557 1556 1178 
1183 1180 1558 1557 1179 
1184 4 53 1558 1180 
1185 1181 1171 1533 1534 
1186 1182 1172 1171 1181 
1187 1183 1173 1172 1182 
1188 1184 1174 1173 1183 
1189 1185 1175 1174 1184 
1190 1186 1176 1175 1185 
1191 1187 1177 1176 1186 
1192 1188 1178 1177 1187 
1193 1189 1179 1178 1188 
1194 1190 1180 1179 1189 
1195 52 4 1180 1190 
1196 1191 1181 1534 1535 
1197 1192 1182 1181 1191 
1198 1193 1183 1182 1192 
1199 1194 1184 1183 1193 
1200 1195 1185 1184 1194 
1201 1196 1186 1185 1195 
1202 1197 1187 1186 1196 
1203 1198 1188 1187 1197 
1204 1199 1189 1188 1198 
1205 1200 1190 1189 1199 
1206 5 52 1190 1200 
1207 1201 1191 1535 1536 
1208 1202 1192 1191 1201 
1209 1203 1193 1192 1202 
1210 1204 1194 1193 1203 
1211 1205 1195 1194 1204 
1212 1206 1196 1195 1205 
1213 1207 1197 1196 1206 
1214 1208 1198 1197 1207 
1215 1209 1199 1198 1208 
1216 1210 1200 1199 1209 
1217 51 5 1200 1210 
1218 1211 1201 1536 1537 
1219 1212 1202 1201 1211 
1220 1213 1203 1202 1212 
1221 1214 1204 1203 1213 
1222 1215 1205 1204 1214 
1223 1216 1206 1205 1215 
1224 1217 1207 1206 1216 
1225 1218 1208 1207 1217 
1226 1219 1209 1208 1218 
1227 1220 1210 1209 1219 
1228 6 51 1210 1220 
1229 1221 1211 1537 1538 
1230 1222 1212 1211 1221 
1231 1223 1213 1212 1222 
1232 1224 1214 1213 1223 
1233 1225 1215 1214 1224 
1234 1226 1216 1215 1225 
1235 1227 1217 1216 1226 
1236 1228 1218 1217 1227 
1237 1229 1219 1218 1228 
1238 1230 1220 1219 1229 
1239 50 6 1220 1230 
1240 1231 1221 1538 1539 
1241 1232 1222 1221 1231 
1242 1233 1223 1222 1232 
1243 1234 1224 1223 1233 
1244 1235 1225 1224 1234 
1245 1236 1226 1225 1235 
1246 1237 1227 1226 1236 
1247 1238 1228 1227 1237 
1248 1239 1229 1228 1238 
1249 1240 1230 1229 1239 
1250 7 50 1230 1240 
1251 1241 1231 1539 1540 
1252 1242 1232 1231 1241 
1253 1243 1233 1232 1242 
1254 1244 1234 1233 1243 
1255 1245 1235 1234 1244 
1256 1246 1236 1235 1245 
1257 1247 1237 1236 1246 
1258 1248 1238 1237 1247 
1259 1249 1239 1238 1248 
1260 1250 1240 1239 1249 
1261 49 7 1240 1250 
1262 1251 1241 1540 1541 
1263 1252 1242 1241 1251 
1264 1253 1243 1242 1252 
1265 1254 1244 1243 1253 
1266 1255 1245 1244 1254 
1267 1256 1246 1245 1255 
1268 1257 1247 1246 1256 
1269 1258 1248 1247 1257 
1270 1259 1249 1248 1258 
1271 1260 1250 1249 1259 
1272 8 49 1250 1260 
1273 1261 1251 1541 1542 
1274 1262 1252 1251 1261 
1275 1263 1253 1252 1262 
1276 1264 1254 1253 1263 
1277 1265 1255 1254 1264 
1278 1266 1256 1255 1265 
1279 1267 1257 1256 1266 
1280 1268 1258 1257 1267 
1281 1269 1259 1258 1268 
1282 1270 1260 1259 1269 
1283 48 8 1260 1270 
1284 1271 1261 1542 1543 
1285 1272 1262 1261 1271 
1286 1273 1263 1262 1272 
1287 1274 1264 1263 1273 
1288 1275 1265 1264 1274 
1289 1276 1266 1265 1275 
1290 1277 1267 1266 1276 
1291 1278 1268 1267 1277 
1292 1279 1269 1268 1278 
1293 1280 1270 1269 1279 
1294 9 48 1270 1280 
1295 1281 1271 1543 1544 
1296 1282 1272 1271 1281 
1297 1283 1273 1272 1282 
1298 1284 1274 1273 1283 
1299 1285 1275 1274 1284 
1300 1286 1276 1275 1285 
1301 1287 1277 1276 1286 
1302 1288 1278 1277 1287 
1303 1289 1279 1278 1288 
1304 1290 1280 1279 1289 
1305 47 9 1280 1290 
1306 1291 1281 1544 1545 
1307 1292 1282 1281 1291 
1308 1293 1283 1282 1292 
1309 1294 1284 1283 1293 
1310 1295 1285 1284 1294 
1311 1296 1286 1285 1295 
1312 1297 1287 1286 1296 
1313 1298 1288 1287 1297 
1314 1299 1289 1288 1298 
1315 1300 1290 1289 1299 
1316 10 47 1290 1300 
1317 1301 1291 1545 1546 
1318 1302 1292 1291 1301 
1319 1303 1293 1292 1302 
1320 1304 1294 1293 1303 
1321 1305 1295 1294 1304 
1322 1306 1296 1295 1305 
1323 1307 1297 1296 1306 
1324 1308 1298 1297 1307 
1325 1309 1299 1298 1308 
1326 1310 1300 1299 1309 
1327 46 10 1300 1310 
1328 1311 1301 1546 1547 
1329 1312 1302 1301 1311 
1330 1313 1303 1302 1312 
1331 1314 1304 1303 1313 
1332 1315 1305 1304 1314 
1333 1316 1306 1305 1315 
1334 1317 1307 1306 1316 
1335 1318 1308 1307 1317 
1336 1319 1309 1308 1318 
1337 1320 1310 1309 1319 
1338 11 46 1310 1320 
1339 1321 1311 1547 1548 
1340 1322 1312 1311 1321 
1341 1323 1313 1312 1322 
1342 1324 1314 1313 1323 
1343 1325 1315 1314 1324 
1344 1326 1316 1315 1325 
1345 1327 1317 1316 1326 
1346 1328 1318 1317 1327 
1347 1329 1319 1318 1328 
1348 1330 1320 1319 1329 
1349 45 11 1320 1330 
1350 1585 1321 1548 1596 
1351 1586 1322 1321 1585 
1352 1587 1323 1322 1586 
1353 1588 1324 1323 1587 
1354 1589 1325 1324 1588 
1355 1590 1326 1325 1589 
1356 1591 1327 1326 1590 
1357 1592 1328 1327 1591 
1358 1593 1329 1328 1592 
1359 1594 1330 1329 1593 
1360 3 45 1330 1594 
1361 1331 1585 1596 1569 
1362 1332 1586 1585 1331 
1363 1333 1587 1586 1332 
1364 1334 1588 1587 1333 
1365 1335 1589 1588 1334 
1366 1336 1590 1589 1335 
1367 1337 1591 1590 1336 
1368 1338 1592 1591 1337 
1369 1339 1593 1592 1338 
1370 1340 1594 1593 1339 
1371 44 3 1594 1340 
1372 1341 1331 1569 1570 
1373 1342 1332 1331 1341 
1374 1343 1333 1332 1342 
1375 1344 1334 1333 1343 
1376 1345 1335 1334 1344 
1377 1346 1336 1335 1345 
1378 1347 1337 1336 1346 
1379 1348 1338 1337 1347 
1380 1349 1339 1338 1348 
1381 1350 1340 1339 1349 
1382 13 44 1340 1350 
1383 1351 1341 1570 1571 
1384 1352 1342 1341 1351 
1385 1353 1343 1342 1352 
1386 1354 1344 1343 1353 
1387 1355 1345 1344 1354 
1388 1356 1346 1345 1355 
1389 1357 1347 1346 1356 
1390 1358 1348 1347 1357 
1391 1359 1349 1348 1358 
1392 1360 1350 1349 1359 
1393 43 13 1350 1360 
1394 1361 1351 1571 1572 
1395 1362 1352 1351 1361 
1396 1363 1353 1352 1362 
1397 1364 1354 1353 1363 
1398 1365 1355 1354 1364 
1399 1366 1356 1355 1365 
1400 1367 1357 1356 1366 
1401 1368 1358 1357 1367 
1402 1369 1359 1358 1368 
1403 1370 1360 1359 1369 
1404 14 43 1360 1370 
1405 1371 1361 1572 1573 
1406 1372 1362 1361 1371 
1407 1373 1363 1362 1372 
1408 1374 1364 1363 1373 
1409 1375 1365 1364 1374 
1410 1376 1366 1365 1375 
1411 1377 1367 1366 1376 
1412 1378 1368 1367 1377 
1413 1379 1369 1368 1378 
1414 1380 1370 1369 1379 
1415 42 14 1370 1380 
1416 1381 1371 1573 1574 
1417 1382 1372 1371 1381 
1418 1383 1373 1372 1382 
1419 1384 1374 1373 1383 
1420 1385 1375 1374 1384 
1421 1386 1376 1375 1385 
1422 1387 1377 1376 1386 
1423 1388 1378 1377 1387 
1424 1389 1379 1378 1388 
1425 1390 1380 1379 1389 
1426 15 42 1380 1390 
1427 1391 1381 1574 1575 
1428 1392 1382 1381 1391 
1429 1393 1383 1382 1392 
1430 1394 1384 1383 1393 
1431 1395 1385 1384 1394 
1432 1396 1386 1385 1395 
1433 1397 1387 1386 1396 
1434 1398 1388 1387 1397 
1435 1399 1389 1388 1398 
1436 1400 1390 1389 1399 
1437 41 15 1390 1400 
1438 1401 1391 1575 1576 
1439 1402 1392 1391 1401 
1440 1403 1393 1392 1402 
1441 1404 1394 1393 1403 
1442 1405 1395 1394 1404 
1443 1406 1396 1395 1405 
1444 1407 1397 1396 1406 
1445 1408 1398 1397 1407 
1446 1409 1399 1398 1408 
1447 1410 1400 1399 1409 
1448 16 41 1400 1410 
1449 1411 1401 1576 1577 
1450 1412 1402 1401 1411 
1451 1413 1403 1402 1412 
1452 1414 1404 1403 1413 
1453 1415 1405 1404 1414 
1454 1416 1406 1405 1415 
1455 1417 1407 1406 1416 
1456 1418 1408 1407 1417 
1457 1419 1409 1408 1418 
1458 1420 1410 1409 1419 
1459 40 16 1410 1420 
1460 1421 1411 1577 1578 
1461 1422 1412 1411 1421 
1462 1423 1413 1412 1422 
1463 1424 1414 1413 1423 
1464 1425 1415 1414 1424 
1465 1426 1416 1415 1425 
1466 1427 1417 1416 1426 
1467 1428 1418 1417 1427 
1468 1429 1419 1418 1428 
1469 1430 1420 1419 1429 
1470 17 40 1420 1430 
1471 1431 1421 1578 1579 
1472 1432 1422 1421 1431 
1473 1433 1423 1422 1432 
1474 1434 1424 1423 1433 
1475 1435 1425 1424 1434 
1476 1436 1426 1425 1435 
1477 1437 1427 1426 1436 
1478 1438 1428 1427 1437 
1479 1439 1429 1428 1438 
1480 1440 1430 1429 1439 
1481 39 17 1430 1440 
1482 1441 1431 1579 1580 
1483 1442 1432 1431 1441 
1484 1443 1433 1432 1442 
1485 1444 1434 1433 1443 
1486 1445 1435 1434 1444 
1487 1446 1436 1435 1445 
1488 1447 1437 1436 1446 
1489 1448 1438 1437 1447 
1490 1449 1439 1438 1448 
1491 1450 1440 1439 1449 
1492 18 39 1440 1450 
1493 1451 1441 1580 1581 
1494 1452 1442 1441 1451 
1495 1453 1443 1442 1452 
1496 1454 1444 1443 1453 
1497 1455 1445 1444 1454 
1498 1456 1446 1445 1455 
1499 1457 1447 1446 1456 
1500 1458 1448 1447 1457 
1501 1459 1449 1448 1458 
1502 1460 1450 1449 1459 
1503 38 18 1450 1460 
1504 1461 1451 1581 1582 
1505 1462 1452 1451 1461 
1506 1463 1453 1452 1462 
1507 1464 1454 1453 1463 
1508 1465 1455 1454 1464 
1509 1466 1456 1455 1465 
1510 1467 1457 1456 1466 
1511 1468 1458 1457 1467 
1512 1469 1459 1458 1468 
1513 1470 1460 1459 1469 
1514 19 38 1460 1470 
1515 1471 1461 1582 1583 
1516 1472 1462 1461 1471 
1517 1473 1463 1462 1472 
1518 1474 1464 1463 1473 
1519 1475 1465 1464 1474 
1520 1476 1466 1465 1475 
1521 1477 1467 1466 1476 
1522 1478 1468 1467 1477 
1523 1479 1469 1468 1478 
1524 1480 1470 1469 1479 
1525 37 19 1470 1480 
1526 1481 1471 1583 1584 
1527 1482 1472 1471 1481 
1528 1483 1473 1472 1482 
1529 1484 1474 1473 1483 
1530 1485 1475 1474 1484 
1531 1486 1476 1475 1485 
1532 1487 1477 1476 1486 
1533 1488 1478 1477 1487 
1534 1489 1479 1478 1488 
1535 1490 1480 1479 1489 
1536 29 37 1480 1490 
1537 1559 1481 1584 1597 
1538 1560 1482 1481 1559 
1539 1561 1483 1482 1560 
1540 1562 1484 1483 1561 
1541 1563 1485 1484 1562 
1542 1564 1486 1485 1563 
1543 1565 1487 1486 1564 
1544 1566 1488 1487 1565 
1545 1567 1489 1488 1566 
1546 1568 1490 1489 1567 
1547 1 29 1490 1568 
$EndElements
